,title,year,genre,score,review
0,신과 함께1,2017,"판타지, 드라마",10, 관람객 이정재가 홍보 따라다닌 이유를 알겠음 ㅋㅋㅋ 그리고 관심병사 연기 도랐다 
1,신과 함께1,2017,"판타지, 드라마",10, 관람객 남자 셋이서 안 울라고…주먹으로 입틀막함 ㅋㅋㅋㅋ 
2,신과 함께1,2017,"판타지, 드라마",10," 관람객 여보, 이번 겨울에… 부모님댁에 밥솥 놔드려야겠어요 "
3,신과 함께1,2017,"판타지, 드라마",10, 관람객 가족이랑 봤는데… 나… 우리 아빠 우는 거 처음 봤음 ㅜㅜㅜㅜ 
4,신과 함께1,2017,"판타지, 드라마",8," 관람객 오늘도 열심히 사는 대한민국의 자홍,수홍씨들을 응원합니다 ㅠㅠ "
5,신과 함께1,2017,"판타지, 드라마",10, 관람객 오늘 화장 안하고 신과함께를 본 것은 신의한수였음. 
6,신과 함께1,2017,"판타지, 드라마",10, 관람객 장르는 판타지지만 그안에 새로운것이 있고 정말 마지막이 반전이고 보면서 삶에대해 다시한번 느끼게되네요 영화보면서 울었습니다 어머니꿈에서 아들과 재회하는데 ㅠㅜ 진심 잘만들었네요 영화 뜻깊게보다갑니다 
7,신과 함께1,2017,"판타지, 드라마",1, 관람객 처음부터 끝까지 어머니 타령하는 거 빼고 스토리가 없다 그냥 
8,신과 함께1,2017,"판타지, 드라마",10, 관람객 아침부터 어른 애들 같이봄. 부모님들이 굉장히 좋아하심. 단체관람 각이다! 
9,신과 함께1,2017,"판타지, 드라마",10, 관람객 응 내가 니 애미야 자홍아 
10,신과 함께1,2017,"판타지, 드라마",1, 관람객 개인적으로 별로 였어요. 
11,신과 함께1,2017,"판타지, 드라마",3, 관람객 마지막 재판에서 자홍이도 울었다 동생도 울었다 엄마도 울었다 변호사(차사)도 울었다 판관도 울었다 염라하고 나만 안 울었다 
12,신과 함께1,2017,"판타지, 드라마",8, 관람객 신과함께 보러갔다가 눈물과함께 나왔습니다. 
13,신과 함께1,2017,"판타지, 드라마",7," 관람객 한국영화 CG가 참 많이 발전했음을 느꼇음. 시각적으론 훌륭했고, 배우들 연기도 좋았고, 무엇보다 향기가 너무 귀여웠고, 근데 139분이라는 긴 시간동안 몰입하며 보기엔 긴장감이 다소 부족했고 스토리도 엉성했다.... "
14,신과 함께1,2017,"판타지, 드라마",10, 관람객 눈물 참느라 힘들었음ㅠ 난 첫 장부터 끝나겠네 
15,신과 함께1,2017,"판타지, 드라마",9, 관람객 마지막 클라이막스는... 일부로 집중을 깨고 싶을 정도였다.. 극장밖에서 퉁퉁부은 내 눈을 보이고 싶지 않아서... 진짜 가족한테만큼은 잘해라.. 
16,신과 함께1,2017,"판타지, 드라마",1, 관람객 네이버 평점 처음 다는데 어설픈 중국식 CG와 한국식 억지 신파스토리의 최악의 조합. 진심 보다가 중간에 나갈뻔... 김자홍을 평범한 직장인이 아닌 소방관으로 바꾼거 자체가 에러인듯 근데 여기 말도 안되게 극찬하면... 
17,신과 함께1,2017,"판타지, 드라마",1, 관람객 ...2시간짜리 지옥 
18,신과 함께1,2017,"판타지, 드라마",1, 관람객 대왕들이 어째 그렇게 1차원적으로 판단하는지 무능하고 한심해 보였다. 토네이도에서 토가 쏠릴 뻔 했다. 
19,신과 함께1,2017,"판타지, 드라마",7, 관람객 편집이 매끄럽지 못한 것 같아 줄거리 연결이 약간부자연 스러운 것 같음 
20,신과 함께1,2017,"판타지, 드라마",1, 관람객 원작을 본적도 없지만 올 들어 제일 돈 아까운 영화였음. 진심으로 뛰쳐 나가고 싶었다 
21,신과 함께1,2017,"판타지, 드라마",1, 관람객 배우빨이랑 마지막 억지눈물덕에 망하진 않을거 같아서 다행이다 
22,신과 함께1,2017,"판타지, 드라마",1, 관람객 ㅡ아놔아지겹다아진짜 
23,신과 함께1,2017,"판타지, 드라마",10, 관람객 웹툰도 안봤고 그냥 가볍게 영화보러 갔다 눈물 참느라 혼났다. 부모님과 함께 다시 볼 생각. 연말에 딱이네 이 영화. 
24,신과 함께1,2017,"판타지, 드라마",1, 관람객 영화를 통째로 효와 사랑이란 신파로 잔뜩 버무려놨다. 소재가 아깝다. 
25,신과 함께1,2017,"판타지, 드라마",1, 관람객 돈 때문이었으면 소방관 안했지 
26,신과 함께1,2017,"판타지, 드라마",9, 관람객 신과함께를 좋아하고 화려한 CG가 보고 싶어서 개봉 첫날 보러갔는데 긴박감을 즐길 수 있었다. 김동욱의 연기에 영화관에서 많이들 울었다. 너무 길어서 조금 지치는 감이 없잖아 있다 출연진과 우정출연하는 이들이 워낙 ... 
27,신과 함께1,2017,"판타지, 드라마",1, 관람객 기대할것도없이 졸면서봄 
28,신과 함께1,2017,"판타지, 드라마",7, 관람객 김동욱이라는 배우를 다시 보게 한 영화. 
29,신과 함께1,2017,"판타지, 드라마",9, 관람객 잘 봤습니다 너무 재미 있고 감동적 
30,신과 함께1,2017,"판타지, 드라마",2, 관람객 나만재미없었나.. 유치한중국영화 보는듯.. 차태현씨는 로코만찍으세요. 진지한연기는 진짜 아닌듯하네요.. 
31,신과 함께1,2017,"판타지, 드라마",1, 관람객 진짜 유치하다.. 평점 너무 높아ㅡㅡ 뭐지 
32,신과 함께1,2017,"판타지, 드라마",1, 관람객 너무 뻔한 스토리에 너무 지겨운 한국영화식 눈물 쥐어짜내기... 볼까말까 고민하다가 네이버평점보고 혹시나해서 봤다... 다음부터는 네이버평점 거르고 먼저 본 지인 감상평 듣고 봐야겠다 알바같다 10점 준 사람들 다.... 
33,신과 함께1,2017,"판타지, 드라마",8, 관람객 재밌습니다. 그런데 중간중간 판관들 좀 거슬림ㅋㅋㅋ 
34,신과 함께1,2017,"판타지, 드라마",10, 관람객 눈물을 흘리며 보앗다 내가 눈물을 흘릴수 있다니 흔치 않은영화. 입니다 잘봣습니다! 
35,신과 함께1,2017,"판타지, 드라마",1, 관람객 처음부터 끝까지 지루했음 영화관전체 80프로이상의 관에서 상영하길래 선택의여지가없어서 보긴했지만 너무재미없었어요 무슨 관객을7살로생각하신건지 보는내내파워레인져가 생각나더라구요 억지로 짜내는 슬픈설정도 전혀 안슬펐습니... 
36,신과 함께1,2017,"판타지, 드라마",1, 관람객 언제 쯤 한국영화의 억지구성 신파극을 안 볼 수 있을까?ㅠㅠ 
37,신과 함께1,2017,"판타지, 드라마",1, 관람객 기대했는데 뒤로갈수록 개막장.. 토네이도에서 진심 식겁했음;김동욱 빼고 연기 다별로고 군인빡빡이 걔 특히..;클럽씬이랑 지도 던지고 뛰어가면서 노래부를때 진짜 깜짝 놀램; 지옥도 걍 웹툰설정 그대로 가져갔으면 평타는... 
38,신과 함께1,2017,"판타지, 드라마",1, 관람객 배우진만 화려하고 내용은 최악 
39,신과 함께1,2017,"판타지, 드라마",10, 관람객 나는 신과함께는 만화로 충분하다 생각했는데 영화로는 너무 부족하다 생각했는데 영화를 본후 다시 책을 한번 더 보고싶게 만들었다 열심히 원작을 위해 애쓴 배우들한테 왜 내가 고맙던지 ㅎ 
40,신과 함께1,2017,"판타지, 드라마",10, 관람객 아진심 질질짜면서봤음ㅠ 예고편보고 저 허접한cg는뭐냐했는데 첨에 고양이빼고 괜찮았음. 원작이랑 다르고 변호사안나와서 어째하고봤는데 난 정말 재밌게봤음 정말재밌었음 
41,신과 함께1,2017,"판타지, 드라마",10, 관람객 일단 인생영화로 생각하고교훈을 많이 느낀 영화입니다!굿굿 
42,신과 함께1,2017,"판타지, 드라마",10, 관람객 재밌네요. 2편도 기대됩니다~ 
43,신과 함께1,2017,"판타지, 드라마",1, 관람객 그닥 다른것 볼것도없고 찾아보니 평점도 좋아남친이랑 보러갔는데.. 전 쫌 아니네요. 내용도 유치하고 .. 하튼 전 실망이 크네요 
44,신과 함께1,2017,"판타지, 드라마",1, 관람객 뭔가 많이 아쉬운 스토리 나름 cg는 괜찮지만 차태현은 cg처리상태에서만 연기해서 그런가 좀 어색했음 
45,신과 함께1,2017,"판타지, 드라마",3, 관람객 웹툰 보고 기대했다 보면 별로에요 
46,신과 함께1,2017,"판타지, 드라마",1, 관람객 마누라따라영화보러갔는데아무것도모르고갔는데저는참별로였습니다마누라는재미있다고카고저는제가좋아하지않는장르입니다참재미도없고지겨웠습니다두번다시는이런장르의영화를보고싶지않네요 
47,신과 함께1,2017,"판타지, 드라마",1, 관람객 클레멘타인 리뷰가 생각났다...낚인것이었다ㅠ원작은 그냥 잊고 봐도 너무나 진부한 영화다..까메오가 젤 인상깊었다능 
48,신과 함께1,2017,"판타지, 드라마",1, 관람객 네이버평점 믿을게 못되는구나~~~ 참네 어이없네 유치하고 재미도 없고 마지막에 살짝슬프긴 하는데 이게 질질 짤 정도는 아닌데~~ 
49,신과 함께1,2017,"판타지, 드라마",1, 관람객 하....진짜 12세 영화로 만들어놨네 우뢰메인가 억지 눈물스토리에 저급한 분장 정말...한국산 영화 제발 성인분들은 보지마세요 
50,신과 함께1,2017,"판타지, 드라마",8, 관람객 가족들이랑 오락용으로 볼만함 
51,신과 함께1,2017,"판타지, 드라마",1, 관람객 스토리내용 전개가 너무 부자연스럽고 악령이 신보다 쎈거 같은느낌 ㅋㅋ 유치하고 억지감동유발이 역겨웠다.. 진짜 좋은배우들 다 데려다놓고 이게뭔짓이지... 만화에서 느꼈던 공감은 없고 유치함만 폭발.. 여기 댓글들도 ... 
52,신과 함께1,2017,"판타지, 드라마",8, 관람객 원작과 다르지만 위화감없이 잘뽑아낸거 같습니다 혜원맥연기 보는내내 재밌었구요 ㅋㅋ 마지막 전투씬이 좀 많이 별로긴했지만 지옥을 해석하고 멋지게 그려냈습니다. 한번 더보고 싶네요 
53,신과 함께1,2017,"판타지, 드라마",1, 관람객 별로여 졸다나왔어요 개연성 무 
54,신과 함께1,2017,"판타지, 드라마",10, 관람객 눈물이 주륵주륵 또르르르 
55,신과 함께1,2017,"판타지, 드라마",1," 관람객 초반은 판타지물같아서 볼 만 햇지만 시간이 갈수록 억지 신파, 말도 안 되는 재판 내용, 코메디 등등으로 인해 극의 몰입도가 갈수록 내려갔다. 돌돔, 캐비어, 푸아그라로 매운탕을 해먹은 느낌 "
56,신과 함께1,2017,"판타지, 드라마",10, 관람객 cg대박이네요 소재가 뻔한 스토리가 아닌 정말 추천할만한 영화입니다 웃기면서도 놀랍고 중반부에는 감동적이고 나는 과연 어떤삶을 살고있는지 자기스스로의 삶을 돌아보게 해주는 영화인것같아요후반부에 갈수록 감동적이게 눈... 
57,신과 함께1,2017,"판타지, 드라마",1, 관람객 보다가 잠들었다... 
58,신과 함께1,2017,"판타지, 드라마",8, 관람객 약간 과해진 CG가 몰입도에 방해될 수도 있다. 하지만 영화로 주인공의 내용이 바뀐 것 뿐 웹툰 원작의 또 다른 매력으로 보여준 영화다. 
59,신과 함께1,2017,"판타지, 드라마",1, 관람객 두시간십분욕나오고나머지십분억지울음만들고혹시나하는 심정으로 끝까지봤는데잠이나잘걸.... 
60,신과 함께1,2017,"판타지, 드라마",8, 관람객 가족들이랑 오락용으로 볼만함 
61,신과 함께1,2017,"판타지, 드라마",1, 관람객 스토리내용 전개가 너무 부자연스럽고 악령이 신보다 쎈거 같은느낌 ㅋㅋ 유치하고 억지감동유발이 역겨웠다.. 진짜 좋은배우들 다 데려다놓고 이게뭔짓이지... 만화에서 느꼈던 공감은 없고 유치함만 폭발.. 여기 댓글들도 ... 
62,신과 함께1,2017,"판타지, 드라마",8, 관람객 원작과 다르지만 위화감없이 잘뽑아낸거 같습니다 혜원맥연기 보는내내 재밌었구요 ㅋㅋ 마지막 전투씬이 좀 많이 별로긴했지만 지옥을 해석하고 멋지게 그려냈습니다. 한번 더보고 싶네요 
63,신과 함께1,2017,"판타지, 드라마",1, 관람객 별로여 졸다나왔어요 개연성 무 
64,신과 함께1,2017,"판타지, 드라마",10, 관람객 눈물이 주륵주륵 또르르르 
65,신과 함께1,2017,"판타지, 드라마",1," 관람객 초반은 판타지물같아서 볼 만 햇지만 시간이 갈수록 억지 신파, 말도 안 되는 재판 내용, 코메디 등등으로 인해 극의 몰입도가 갈수록 내려갔다. 돌돔, 캐비어, 푸아그라로 매운탕을 해먹은 느낌 "
66,신과 함께1,2017,"판타지, 드라마",10, 관람객 cg대박이네요 소재가 뻔한 스토리가 아닌 정말 추천할만한 영화입니다 웃기면서도 놀랍고 중반부에는 감동적이고 나는 과연 어떤삶을 살고있는지 자기스스로의 삶을 돌아보게 해주는 영화인것같아요후반부에 갈수록 감동적이게 눈... 
67,신과 함께1,2017,"판타지, 드라마",1, 관람객 보다가 잠들었다... 
68,신과 함께1,2017,"판타지, 드라마",8, 관람객 약간 과해진 CG가 몰입도에 방해될 수도 있다. 하지만 영화로 주인공의 내용이 바뀐 것 뿐 웹툰 원작의 또 다른 매력으로 보여준 영화다. 
69,신과 함께1,2017,"판타지, 드라마",1, 관람객 두시간십분욕나오고나머지십분억지울음만들고혹시나하는 심정으로 끝까지봤는데잠이나잘걸.... 
70,신과 함께1,2017,"판타지, 드라마",2, 관람객 착하게 살아라는 교훈으로 평점 2점드립니다~~그냥 딱 12세 관람가입니다~~12세~18세까지 ㅎㅎ~~너무 지루하고 동화책 읽는 느낌~온라인 게임을 보는 느낌~스토리도 빈약하고 연출도 그냥 그렇습니다~성인이 보기에는... 
71,신과 함께1,2017,"판타지, 드라마",1, 관람객 무슨 gop gp도 아니고 단순 후방부대 근무에 실탄을 끼웠다는거 부터 말도 안되고 아니 탄을 소대장이 은닉했는데 부대는 그걸모르고 있는것도 말도안되고 후반부 용오름신 하.. 장난하냐 억지감동에 cg덕질 차태현도울고... 
72,신과 함께1,2017,"판타지, 드라마",1, 관람객 전 왜이리 지겨울까요 ㅜㅜ 강철비가 개인적으로 나았슴다 
73,신과 함께1,2017,"판타지, 드라마",1, 관람객 기대만큼은 아니엇음 지루 
74,신과 함께1,2017,"판타지, 드라마",1, 관람객 원작을 심하게 훼손하고 억지 감동을 만드려는 이야기가 불쾌하다 원작 내용대로 진기한을 내보냈으면 될 것을 본편 이야기 짬뽕 하고 혼란스럽게 마무리를 했다 
75,신과 함께1,2017,"판타지, 드라마",1, 관람객 아~ 평점이높던데 내가감정이 이상한건가?사람들이관대한건가...억지신파에 짜증나고 cg나액션은 중국무협보는거같고 영화관은덥구 아우짜증.. 
76,신과 함께1,2017,"판타지, 드라마",1, 관람객 이게 진정 1000만을 바라볼 영화가 맞나? 단체관람하고 모두가 나와 비슷한 생각인거 보니 나만 특별히 비정상인건 아닌거같고... 뭘까? 
77,신과 함께1,2017,"판타지, 드라마",1, 관람객 완전 속았다. 재밌다고 했던 인간들 줘패고 싶다. 차라리 TV나 볼껄 후회 막급이다. 보고나서 후회하지말고 영화갈 돈으로 치맥이나 해라. 정말 진심으로 하는말이다. 알바들 믿지말고. 
78,신과 함께1,2017,"판타지, 드라마",1, 관람객 너무 유치하고 웃음포인트가 하나도안웃김 
79,신과 함께1,2017,"판타지, 드라마",1, 관람객 최악 국내영화의 한계를 또 보여줌 
80,신과 함께1,2017,"판타지, 드라마",1, 관람객 9000원은 cg값이 분명해...cg때려넣다 안되겠으니까 끝에 에라 눈물이나 흘려봐라 하고 억지눈물 짜내는 영화 
81,신과 함께1,2017,"판타지, 드라마",1," 관람객 고급재료로만든 음식물쓰레기유치한연출, 처음겪는 촬영에서 나오는 어색함 "
82,신과 함께1,2017,"판타지, 드라마",1, 관람객 길고 좀 애매하고 신파는 이런 영화 장르에 배제좀 했으면... 
83,신과 함께1,2017,"판타지, 드라마",1, 관람객 비슷한 수준으로 은비까비의 옛날옛적에가 있습니다. 물론 재미로는 후자가 더 낫죠. 
84,신과 함께1,2017,"판타지, 드라마",1, 관람객 노잼이에여어어어여러혀하리 
85,신과 함께1,2017,"판타지, 드라마",1," 관람객 억지감동 허접cg 개연성증발 원귀가 초능력자, 전형적인 한국 B급영화 알바천국 "
86,신과 함께1,2017,"판타지, 드라마",1, 관람객 너무 과하게 때려부은 cg와 음악에 아쉬운 스토리 진행 그리고 일단 재미가 없다. 
87,신과 함께1,2017,"판타지, 드라마",1, 관람객 와~~~씨 온가족모시고 크리스마스에 갔는데 열라 미안하드라...가족들한테...이게 뭐냐 ㅋㅋ 
88,신과 함께1,2017,"판타지, 드라마",10, 관람객 진심 진짜 재미있고 슬퍼서 눈물흘린적처음임 
89,신과 함께1,2017,"판타지, 드라마",1, 관람객 영화연출이 너무 아쉽다.. 억지웃음과 억지눈물 짜내는 영화. 소문난 잔치에 먹을거 없다는 말이 딱인듯. 배우들 연기가 좋아서 더 안타까운 영화다 
90,신과 함께1,2017,"판타지, 드라마",1, 관람객 토네이도 장면때 진짜 ㅎㅎ아.. 
91,신과 함께1,2017,"판타지, 드라마",1, 관람객 쥐어짜라 쥐어짜.... 
92,신과 함께1,2017,"판타지, 드라마",1, 관람객 평점 처음남겨본다...너무 재미가없었다... 너...무.. 
93,신과 함께1,2017,"판타지, 드라마",1, 관람객 뜬금없는 연병장 폭풍씬 
94,신과 함께1,2017,"판타지, 드라마",1, 관람객 무슨 검수림? 산에서 배 타고 가는데 아...롯데월드 후룸라이드 타는것도 아니고 그리고 게임에서 나올법한 칼 꺼내더니 무슨 저그 히드라 같은 애들 나오더니 ㅋ몬스터 잡고 있고ㅋ지옥에 한 대왕이라는분이 UFO 내부같은... 
95,신과 함께1,2017,"판타지, 드라마",1, 관람객 많이 지루했습니다.. 
96,신과 함께1,2017,"판타지, 드라마",1, 관람객 최악.. 억지 감성팔이 ㅠㅠ 
97,신과 함께1,2017,"판타지, 드라마",10, 관람객 군인이 연기를그렇게 잘해도됩니까?! 
98,신과 함께1,2017,"판타지, 드라마",1, 관람객 이영화보고 나도영화만들어야겟다 생각해습니다 
99,신과 함께1,2017,"판타지, 드라마",1, 관람객 억지눈물 노잼입니다 웩 
100,신과 함께1,2017,"판타지, 드라마",4," 관람객 우리나라 영화감독들이 관객수준을 너무 우습게 아는것같다. 만화보고 기대하면서 영화봤는데, 정말 유치하기 이를데없더라. 좋은 원작을 이렇게 망가트리는것도 재주라면 재주다 "
101,신과 함께1,2017,"판타지, 드라마",1, 관람객 저급 cg에 몇빼고 어색해서 감정이입안되는 부분들 그리고 억지로 슬픔을 짜낼려하고 지루함 보는내내 기대되는곳이 1도 없음 파워레인저 보는 느낌의 퀄리티의 영화였음 
102,신과 함께1,2017,"판타지, 드라마",1, 관람객 왜 잼나다고 하는지... 마지막 억지눈물 
103,신과 함께1,2017,"판타지, 드라마",1, 관람객 전체적으로 유치하고 깊이가 없는 영화.. 돈아까워 ㅜ 
104,신과 함께1,2017,"판타지, 드라마",1, 관람객 원작자가 오랫동안 연구해온 세계관과 핵심철학은 뒤로하고 눈요깃거리와 단순눈물 위주로 찍어낸 킬링타임 무비.모든 설정과 흐름을 단순화해 대부분의 관객들이 원하는 연말연시 스타일로 액션범벅. 감독은 주호민작가의 작품속... 
105,신과 함께1,2017,"판타지, 드라마",1, 관람객 노잼 씹노잼 구린 씨제이감성 어디서 울어야될지 평점 높은거 보고 진짜 까아아암짝 놀람 
106,신과 함께1,2017,"판타지, 드라마",1, 관람객 정말 재미없었음..초딩 6학년 수준에 맞을듯.. 
107,신과 함께1,2017,"판타지, 드라마",1, 관람객 시간이 아까운 영화는 오랜만 
108,신과 함께1,2017,"판타지, 드라마",1, 관람객 평점10점 추천 많은거 보면 모두 12월20일 작성된글 
109,신과 함께1,2017,"판타지, 드라마",1, 관람객 CG넣은 한국 신파극..보다가 '아 여기서 눈물 쥐어 짜내는 타이밍이구나' 생각이 들자마자 여기저기서 훌쩍대고..이런류의 영화는 엄마와 가족 얘기에 가슴 아프고 불쌍한 사연 몇개 추가하면 한국식 신파... 
110,신과 함께1,2017,"판타지, 드라마",1, 관람객 정말 실망적이네요. 너무 지루해서 보다가 나올 뻔 했습니다. 엉성하고 억지 스토리에 똑같은 스토리의 반복. 흔한 한국영화의 억지 감성자극. 캐릭터들도 개성이 없고 공감가는 캐릭터가 하나도 없었습니다 (특히 주인공..... 
111,신과 함께1,2017,"판타지, 드라마",1, 관람객 너무 재미 없어서 보다가 30분만에 나왔어요. 
112,신과 함께1,2017,"판타지, 드라마",4, 관람객 2시간동안 어설픈 cg로 이상하게 만들고 나머지 30분은 이제 끝내야된다고 생각해서 신파극으로 마무리한것같았다. 
113,신과 함께1,2017,"판타지, 드라마",1, 관람객 하....아깝다...돈 
114,신과 함께1,2017,"판타지, 드라마",1, 관람객 CG도 열악하고 종반부로 향할수록 특유의 헬조선 역사에 버무린 꼬랑내나는 모성애로 뒤범벅 
115,신과 함께1,2017,"판타지, 드라마",1, 관람객 개인적으로는 유치... 
116,신과 함께1,2017,"판타지, 드라마",1, 관람객 정말지루하구 재미없어요 
117,신과 함께1,2017,"판타지, 드라마",1, 관람객 정말 최악!!! 유치찬란하다...킬링타임용으로도 부족...정말 재미없다. 
118,신과 함께1,2017,"판타지, 드라마",1, 관람객 너무 장난처럼 느껴짐. 웹툰을 너무 따라가려고 하다보니 내용도 조잡함 
119,신과 함께1,2017,"판타지, 드라마",1, 관람객 끝까지 감성팔이하네. 억지도 많고 재미없었다. 
120,신과 함께1,2017,"판타지, 드라마",1, 관람객 개인적으로는 정말 지루했습니다.. 짜내려는 눈물... 무엇인가 있겠지 하고 끝까지 봤던 제가 원망스러울만큼 
121,신과 함께1,2017,"판타지, 드라마",1, 관람객 감동적인 쓰레기. 수고. 
122,신과 함께1,2017,"판타지, 드라마",1, 관람객 솔직히 기대를 너무많이해서그런지 실망했습ㄴ디ㅏ 
123,신과 함께1,2017,"판타지, 드라마",1, 관람객 만화(원작) 좋아하시면 보지마세요 등장인물만 똑같고 캐릭터설정같은게 너무달라서 기대하고 갔다가 진짜 재미없게 보고나왔어요 
124,신과 함께1,2017,"판타지, 드라마",1, 관람객 이 영화와 견줄만한 작품은 클레멘터인이나 리얼 정도의 대작뿐일 것입니다. 
125,신과 함께1,2017,"판타지, 드라마",1, 관람객 진짜 알바들과 배급사 파급력빨.. 이야기전개가 산만하면서 집중성이 떨어짐.. 몰입감이 없음.. 그냥 원작살려가지.. 에혀.. 
126,신과 함께1,2017,"판타지, 드라마",1, 관람객 보다가 4번째 재판때 나왔습니다 
127,신과 함께1,2017,"판타지, 드라마",1, 관람객 유치뽕짝이였음... 
128,신과 함께1,2017,"판타지, 드라마",1, 관람객 그닥 입니다 관람 하다가 졸긴 첨이네요비추 합니다 
129,신과 함께1,2017,"판타지, 드라마",1, 관람객 별루에요 지겨웠어요 재미없어요 
130,신과 함께1,2017,"판타지, 드라마",1, 관람객 1점도 아까움..진짜 두시간동안 언제끝나나 그 생각만하고 본듯!!어설픈CG에 용오름은 또 뭔가요....와..이렇게 돈아까운 영화 살다살다 처음임.억지로 눈물유발하는 스토리 지겨워죽는줄 알앗네 살다살다 처음 평점도 남... 
131,신과 함께1,2017,"판타지, 드라마",1, 관람객 신선하긴한데 억지눈물인것 같아 저는 지루했어요.. 
132,신과 함께1,2017,"판타지, 드라마",1, 관람객 0점은 없나 공백공백공백 
133,신과 함께1,2017,"판타지, 드라마",1, 관람객 재미읍쪄..우아우나나너ㅜㅏ마마ㅓㅗ뉴효머ㅓㅠㅠㅇ 
134,신과 함께1,2017,"판타지, 드라마",1, 관람객 주호민은 역시 파괴왕별로 기대도 안했지만 그보다 훨씬 더 기대 이하의 영화 
135,신과 함께1,2017,"판타지, 드라마",1, 관람객 기대하고 봣는데.. 완전 별루에요ㅠㅠㅠ 씨지가많아서 집중도 안돼고... 
136,신과 함께1,2017,"판타지, 드라마",1, 관람객 토나오는 신파극 + cg노답 
137,신과 함께1,2017,"판타지, 드라마",1, 관람객 어설픈 CG제작하고 메이저급 배우 섭외하는데 힘 다뺀 기본이 안 된 졸작. 진짜 영화 보다 그냥 나온거 처음이다.원작 내용 다 비틀고 억지스런 설정에 배우들 대사도 뭐라는지 전달이 안된다. 정말 화가날 정도로 B급도... 
138,신과 함께1,2017,"판타지, 드라마",1, 관람객 원작에 비교하지 않더라도 충분히 별로인 영화 
139,신과 함께1,2017,"판타지, 드라마",1, 관람객 정말재미없었습니다 비추비추 
140,신과 함께1,2017,"판타지, 드라마",1, 관람객 Cg보면서 중국영화 떠올리고 억지코드가 넘 심하다 
141,신과 함께1,2017,"판타지, 드라마",1, 관람객 cg가 별로고 차태현도 연기를 넘 못함 원작 구현을 넘 못했음 
142,신과 함께1,2017,"판타지, 드라마",1, 관람객 평점 알바 작작써요 이번년도 천만간다는 택시운전사 군함도 범죄도시 다 봐서 신과함께도 하도 난리길래 봤는데 4중에 제일 별로에요.. 너무 신파고 울라고 강요하는거 같고.. 돈 아까웠어요 
143,신과 함께1,2017,"판타지, 드라마",1, 관람객 솔직히 마지막에 눈물 짜내는거 말고는 그닥... 
144,신과 함께1,2017,"판타지, 드라마",1, 관람객 올해 봤었던 한국 영화 중에 최악의 영화 
145,신과 함께1,2017,"판타지, 드라마",1, 관람객 CG덩어리의 재미없는 영화.. 신파 이제 그만하죠 
146,신과 함께1,2017,"판타지, 드라마",1, 관람객 재미 1도 없다가 막지막에 울수밖에 없는 영화 
147,신과 함께1,2017,"판타지, 드라마",9, 관람객 시지가 훌륭했으며 배우들의 연기가 너무 조았다 
148,신과 함께1,2017,"판타지, 드라마",10, 관람객 예고편보고 실망했는데 영화는 매우 재밌게봄 원작웹툰 팬이라 걱정했는데 잘이어지고 2편도 기대됨.. 
149,신과 함께1,2017,"판타지, 드라마",1, 관람객 억지스토리에 싸구려중국느낌 눈물로포인트를 잡았으면 대본을 매끄럽게써줬으면합니다 
150,신과 함께1,2017,"판타지, 드라마",1, 관람객 내인생 가장 지루한 영화 
151,신과 함께1,2017,"판타지, 드라마",6," 관람객 원작을 생각하지 않고 보면 무난히 볼만한 영화. 다만 7번방의 선물처럼 약간 눈물을 유도하는 장면이 과했다는 생각이 듬, 2편의 마블리가 기대되는 영화. "
152,신과 함께1,2017,"판타지, 드라마",1," 관람객 신과함께는 연말과 하정우,원작덕분이지 정말 형편없는 각색에 환불받고 싶었습니다.개연성이 너무 없어서 이 영화감독꺼는 보지말자로 생각이 바뀌었습니다.돈이 아깝습니다. "
153,신과 함께1,2017,"판타지, 드라마",1, 관람객 아이들데리고 보면 아이들은 좋아할 영화 20세이하들에겐 강추 
154,신과 함께1,2017,"판타지, 드라마",1, 관람객 강철비가 더 재미있었어요 
155,신과 함께1,2017,"판타지, 드라마",1, 관람객 지루합니다 보시마세요 
156,신과 함께1,2017,"판타지, 드라마",1, 관람객 유치하고 진부한 스토리인에 cg 도배지난 5년간 본 양화 중 최악시간이 아깝다. 
157,신과 함께1,2017,"판타지, 드라마",1, 관람객 진기한 없이 어떻게 진행되어갈지 궁금해서 보러갔다. 괜히 궁금해했다. 
158,신과 함께1,2017,"판타지, 드라마",1, 관람객 진짜 재미없네요빨대같은영화입니다 
159,신과 함께1,2017,"판타지, 드라마",1, 관람객 돈아까워요;뭐 재밋다고 하신분들 알바? 
160,신과 함께1,2017,"판타지, 드라마",1," 관람객 원작의 실사화를 기대했다면 대실망. 새로운 영화를 기대했다면 조금 실망. 주지훈, 차태현의 연기는 영화에 몰입 방해수준. 원작만 따라가도 기본을 했을 것을. 도대체 왜 이름을 굳이 신과함께라고 했어야 했을까? 원작을... "
161,신과 함께1,2017,"판타지, 드라마",1, 관람객 이렇게 재미없는 영화 처음봄... 마지막 좀 슬픈 장면 빼곤 너무 개연성없이 정신없이 지나가요 
162,신과 함께1,2017,"판타지, 드라마",1, 관람객 정말 쓰레기 같은 영화다 평점 0점은 못 주는구나 
163,신과 함께1,2017,"판타지, 드라마",1, 관람객 보지마세요 진짜 최악의영화입니다 
164,신과 함께1,2017,"판타지, 드라마",1, 관람객 더할나위 없이 한국영화 
165,신과 함께1,2017,"판타지, 드라마",5, 관람객 전형적인 한국영화의 신파극의 표본 .... 매력 없는 주인공에거슬리는 CG들 그래도 나름 볼만 합디다 ... 
166,신과 함께1,2017,"판타지, 드라마",10, 관람객 완전 최고 ~그어떤 영화보다 재밌고 보는 내내 시간가는게 아까웠음 느끼는점도 많고 배울것도 많고 눈물도 왕창ㅜㅜ 
167,신과 함께1,2017,"판타지, 드라마",9, 관람객 아이들이나 어른이나 모두 다 같이 울고 웃을 수 있는 2017년을 감동으로 마무리 해주는 멋진 영화! 
168,신과 함께1,2017,"판타지, 드라마",1, 관람객 재미없어요.. 누가재밋다그래 
169,신과 함께1,2017,"판타지, 드라마",1, 관람객 생각 한데로 재미가 없어 지루해했다 
170,신과 함께1,2017,"판타지, 드라마",1, 관람객 영화 내용이 많이 지루합니다 
171,신과 함께1,2017,"판타지, 드라마",1, 관람객 1점도아까운쓰래기 신파극 중학교수련회 캠프파이어가 생각남촛불을들고 인간의 본성을이용해 억지눈물을짜네고 그것을 상업적으로 이용하는 쓰레기들 
172,신과 함께1,2017,"판타지, 드라마",1, 관람객 졸다졸다졸다 마지막에 감정짜내기 보지마세요... 
173,신과 함께1,2017,"판타지, 드라마",1, 관람객 보지마세요 재미가없엉느 
174,신과 함께1,2017,"판타지, 드라마",1, 관람객 무슨내용인지 모르겟네요.. 
175,신과 함께1,2017,"판타지, 드라마",10, 관람객 재밌게 봤어요 최고 슬프고 재밌고 
176,신과 함께1,2017,"판타지, 드라마",10, 관람객 기대한것보다 더 재미있던 영화 ! 
177,신과 함께1,2017,"판타지, 드라마",10, 관람객 유치하지않고 2시간시간가는줄 모르고봤어요..마지막 감동...슬펐음 ㅜㅜㅜㅜ 
178,신과 함께1,2017,"판타지, 드라마",10, 관람객 기대에 어긋나지않아요..원작만화보다 더 재미있고 없던액션까지..감동까지..굿 
179,신과 함께1,2017,"판타지, 드라마",1, 관람객 .주절주절 말 하기도 귀찮다 별로임 
180,신과 함께1,2017,"판타지, 드라마",1, 관람객 와 이걸 뭔재미로 보는건지.. 내 인생 영화중 최악 
181,신과 함께1,2017,"판타지, 드라마",1, 관람객 ㅜ별루..였어요 씨쥐가덕지덕지.. 
182,신과 함께1,2017,"판타지, 드라마",1, 관람객 솔직히 내용도 별로없고 전형적인 한국형 감성팔이 같아서 별로였어요. 만화보면서 기대했는데 완전 실망했네요 
183,신과 함께1,2017,"판타지, 드라마",1, 관람객 세상에서 제일 재미없는 영화 
184,신과 함께1,2017,"판타지, 드라마",1, 관람객 cg다 티나고 노잼입니다 
185,신과 함께1,2017,"판타지, 드라마",5, 관람객 평점 높은거 이해안되요ㅠㅠㅠㅠ씨지도 너무 어색하고 줄거리도 중구난방에중간에 진쯔 이게뭐야;;하는 장면도 많읐어요 영화관에서 보고 싶은 영화는 아니였습니다ㅠㅠ 
186,신과 함께1,2017,"판타지, 드라마",6, 관람객 CG는 퍽팩트였슴~내용은 그닥... 
187,신과 함께1,2017,"판타지, 드라마",1, 관람객 하 ... 새해부터 본 영화라니 ㅋㅋ 
188,신과 함께1,2017,"판타지, 드라마",1, 관람객 신파 그자체.신과함께를 원작으로 하지 않았다면 이보다는 나았을 듯웹툰을 보고 영화를 보려니 도저히 이해도 공감도 안 됐던 영화 
189,신과 함께1,2017,"판타지, 드라마",1, 관람객 너무 유치해서 재미없고 지루하고 진짜보다나옴 
190,신과 함께1,2017,"판타지, 드라마",1, 관람객 할 일이 정 없거나 눈높이를 확 낮춰서 시간을 쓸 용기가 있는 사람한테 강 추 한마디로 유치짬뽕 개유치 삼류 신파 
191,신과 함께1,2017,"판타지, 드라마",1, 관람객 교과서적인 신파극 영화입니다. 눈물 짜는거 혐오하는 사람들은 절대로 보지 마세요. 
192,신과 함께1,2017,"판타지, 드라마",10, 관람객 일단 하정우랑 그 약간 지적 장애있어 보이는 듯한 병사랑 김수홍 이 셋이 연기를 너무 잘해요. 다른 캐릭터들은 너무 오바하는.. 뭔가 깨는 분위기여서 좀 그랬... 생각보다 원작을 만들기보다는 세계관만 따온듯한 영화... 
193,신과 함께1,2017,"판타지, 드라마",9, 관람객 개인적으로 좋아하는 취향이 아닌데 재미있게 봤어요. 
194,신과 함께1,2017,"판타지, 드라마",9, 관람객 열심히 살아야겠다. 오늘 죽더라도 후회없이 
195,신과 함께1,2017,"판타지, 드라마",9, 관람객 오랜만에 눈물이 난 영화네요 소재도 참신하고 부제가 있는거보니 한편만 나올건 아닌거 같은데 기대됩니다 
196,신과 함께1,2017,"판타지, 드라마",9, 관람객 넘 재미있게 잘 봤어요~ 넘슬프고 웃기고 좋았어용 
197,신과 함께1,2017,"판타지, 드라마",1, 관람객 진짜 재밌습니다 보는내내 미쳐버리는줄알았습니다 여러분도 꼭보시길바랍니다 
198,신과 함께1,2017,"판타지, 드라마",1, 관람객 다소 억지스런 설정에 CG도 표시가 많이나네요..ㅠㅠ 
199,신과 함께1,2017,"판타지, 드라마",1, 관람객 솔직히 말해서 재미없다 . 
200,신과 함께1,2017,"판타지, 드라마",10, 관람객 최고에요 진기한없어도 완전감동 
201,신과 함께1,2017,"판타지, 드라마",10, 관람객 cg가 많이 들어가는 영화인데도 몰입감 장난아니네요 
202,신과 함께1,2017,"판타지, 드라마",1, 관람객 저...그냥 ...잤어요 .... 
203,신과 함께1,2017,"판타지, 드라마",1, 관람객 별로엿음 개인적으로는 
204,신과 함께1,2017,"판타지, 드라마",1, 관람객 재미업음ㅇㅇㅇ오오노논 
205,신과 함께1,2017,"판타지, 드라마",1, 관람객 별로네요별로 재미 없어요 
206,신과 함께1,2017,"판타지, 드라마",1, 관람객 이런 영화가 무슨 천만인지...내용도 없고 감동도 없고 재미도 없음..돈 아까웠음 
207,신과 함께1,2017,"판타지, 드라마",10, 관람객 진짜 영화관에서 마지막에 우는소리밖에안들림 진짜 펑펑움 꼭 보세요 개인적으로 7번방의선물보다 더 움 진짜로 
208,신과 함께1,2017,"판타지, 드라마",1, 관람객 나는 40대 후반 남자다. 아는 분이 되게 슬프다고 계속 울다가 나왔다고 해서 봤는데 진짜 과장 없이 1도 안 슬프다. 내용이 너무 작위적이고 진정성이 0점이다. 그리고 가치관도 너무 다르다. 슬픈 상황 만들어서 눈... 
209,신과 함께1,2017,"판타지, 드라마",1, 관람객 cg보고 중국영화인줄 역대급 노잼 오랜만에 가족들이랑 영화보러갔는데 돈이 너무 아까웠다 
210,신과 함께1,2017,"판타지, 드라마",1," 관람객 솔찍히 현란함과 신파에 치중하면서 원작만화에서 소재만 따온 다른영화.작품성은 중요하지 않고 소방관이랑 효도군인이 1000년동안 48, 49번째 귀인이란 소리 들을만큼 세상에 귀인이 없다는 설정결론은 그저 순간 눈시... "
211,신과 함께1,2017,"판타지, 드라마",1, 관람객 지루하고 억지눈물뽑고 어휴 이게왜1위인지모르겠음 
212,신과 함께1,2017,"판타지, 드라마",1, 관람객 진짜 별 한개도 아깝다 기억에 남는건 밥솥 ㅅㅂ ㅋㅋㅋ 
213,신과 함께1,2017,"판타지, 드라마",1, 관람객 음 잘모르겟당 그다지! 
214,신과 함께1,2017,"판타지, 드라마",1, 관람객 노잼정말노잼임임임짱재미없어 
215,신과 함께1,2017,"판타지, 드라마",1, 관람객 너무 지루하고 유치했어요..부모님이랑 보러갔는데 아빠는 재밌다고 하시는데 저랑 엄마는 별로였어요.. 
216,신과 함께1,2017,"판타지, 드라마",1, 관람객 진짜 최악이다..웃길려고 해보려는데 재미도 없고 유치하고..지루하고...배우들이 아깝다 후레쉬맨을 지금 보면 이런 기분이 들겠다 싶었음 
217,신과 함께1,2017,"판타지, 드라마",1, 관람객 내가 감정이 메마른거지~원래 대개 잘우는데 아무리 울려해도 눈물 한방울 안나오더데 최근 제일 돈 아까운영화 
218,신과 함께1,2017,"판타지, 드라마",1, 관람객 원작보다 이거봐서 그럴까.. 여자친구는 슬픈부분에서 잠깐울고 나보고나서 왜 울었는지 모르겠다고한다(원작안봄)쓸데없는cg...원작을 너무 고집하는걸까.. 처음부터 보다 실망하니 영화의 모든게 부정적으로보임. 월직차사 ... 
219,신과 함께1,2017,"판타지, 드라마",1, 관람객 올해 최악의 영화.코믹영화? ㅈㅈ 
220,신과 함께1,2017,"판타지, 드라마",1, 관람객 그냥볼만했음다른거보삼 
221,신과 함께1,2017,"판타지, 드라마",4, 관람객 그저 그런듯 ... 지루하다가 마지막장면만 눈물쏙 
222,신과 함께1,2017,"판타지, 드라마",1, 관람객 재미없어요ㅠㅠ웹툰을재밌게봐서그런가 
223,신과 함께1,2017,"판타지, 드라마",10, 관람객 부담없이 보기 좋아요~~^^ 
224,신과 함께1,2017,"판타지, 드라마",9," 관람객 볼만함, 액션짱, 새로움...그치만 너무 눈물나 -1점 "
225,신과 함께1,2017,"판타지, 드라마",1, 관람객 최악... 내돈 으악~~~~ 
226,신과 함께1,2017,"판타지, 드라마",1, 관람객 꿀잠 ㅅㄱ링 별루 그닥... 
227,신과 함께1,2017,"판타지, 드라마",1, 관람객 웹툰을 능가하는 유치함 ㅋㅋ 
228,신과 함께1,2017,"판타지, 드라마",1, 관람객 그래픽만 볼만함 거의 감성팔이 수준에 연기력은 왜이렇게 발연기냐 솔직히 이정재빼곤 연기력 진짜 수준 떨어진다 뭐 차태현? 주지훈? ㅋㅋ 어휴 한국영화 돈주고 본 내가 ㅄ이지 다시는 안속는다 
229,신과 함께1,2017,"판타지, 드라마",1, 관람객 유치해요 많이많이 유치합니다 
230,신과 함께1,2017,"판타지, 드라마",1, 관람객 실망!!실망!!실망!!!대실망!!! 
231,신과 함께1,2017,"판타지, 드라마",1, 관람객 내용전개가부드럽지않음 예고편여러가지를섞어놓은듯한느낌이엿음ㅜ 
232,신과 함께1,2017,"판타지, 드라마",10, 관람객 너무 감동적이고 재미있게 잘 봤어요..기본1000만 관객은 넘길꺼 같습니다.. 
233,신과 함께1,2017,"판타지, 드라마",9," 관람객 원작만큼 훌륭하네요,, "
234,신과 함께1,2017,"판타지, 드라마",1, 관람객 개 쓰레기 영화.. 아 내 돈 돌려줘 
235,신과 함께1,2017,"판타지, 드라마",1, 관람객 만화보다 많이 부족한 느낌이었어요.... 
236,신과 함께1,2017,"판타지, 드라마",1," 관람객 웃음 포인트도,,감동요소도,,무언가 200%부족했던 영화,,, "
237,신과 함께1,2017,"판타지, 드라마",1, 관람객 지루하고 뻔하고 따분한 스토리에 화려한 CG가 끝 
238,신과 함께1,2017,"판타지, 드라마",1, 관람객 과도한 브금 과도한 신파 어처구니 없는 cg 스토리가 아깝다 
239,신과 함께1,2017,"판타지, 드라마",1, 관람객 노잼 영상 못봄ㅠㅠㅠㅠ 
240,신과 함께1,2017,"판타지, 드라마",1, 관람객 cg개OO 원작 못따라감 
241,신과 함께1,2017,"판타지, 드라마",1, 관람객 알바들 그만좀해라...적당히...알바만 아니엇어도 3점은 줬다 
242,신과 함께1,2017,"판타지, 드라마",8, 관람객 어색해서 꿀잼. 휴지 필수. 김동욱 좋아요. 
243,신과 함께1,2017,"판타지, 드라마",1, 관람객 이런거 왜보냐 아 보고 빡쳤다 cg투성 
244,신과 함께1,2017,"판타지, 드라마",1, 관람객 오랜만에 영화 보다 중간에 나왔네요. 
245,신과 함께1,2017,"판타지, 드라마",1," 관람객 믿을 수 없이 평이 좋네요. 원치 않게 두 번 보았고 지옥이었습니다. 죽어서도 뼛속깊이 ""한국인""이라니. 네버엔딩 고통.... "
246,신과 함께1,2017,"판타지, 드라마",1, 관람객 음 시끄러움 배경음악이요 
247,신과 함께1,2017,"판타지, 드라마",1, 관람객 원작이랑 많이 다르다고 하네요 개연성도 부족 
248,신과 함께1,2017,"판타지, 드라마",1, 관람객 soso 생각보다 별루 재미없었어요..ㅜㅜ 
249,신과 함께1,2017,"판타지, 드라마",7, 관람객 판타지성 장르의 영화라 신선함은 좋았어요~ 하지만 내용전개가 조금 교통정리가 안된것 같아 살짝 아쉬운 점은 있네요 그래도 마지막 엔딩신에서 눈물 쏙 빼고 왔네요ㅠ ㅋㅋ 다음 시리즈가 더 기대됩니다 
250,신과 함께1,2017,"판타지, 드라마",1, 관람객 평점 알바는잇다는사실이밝혀졌군 
251,신과 함께1,2017,"판타지, 드라마",1, 관람객 마지막 5분을 위해 쥐어짠... 
252,신과 함께1,2017,"판타지, 드라마",1, 관람객 흠... 이 시간에 다른 영화를 봤으면 아깝지 않았을텐데... 
253,신과 함께1,2017,"판타지, 드라마",1, 관람객 역시 알바들이 많다는걸 세삼스럽게 느꼈네요 쩝 
254,신과 함께1,2017,"판타지, 드라마",1, 관람객 별로엿어요 비추천합니자 
255,신과 함께1,2017,"판타지, 드라마",1, 관람객 너무유치찬란 지겨웟어요 
256,신과 함께1,2017,"판타지, 드라마",9, 관람객 솔직히 나쁘지않음 음악 cg다 좋음 그러나 몇몇 연기자들 연기가 불편함 후속작이 기대 예상 500만 은 갈듯 
257,신과 함께1,2017,"판타지, 드라마",1, 관람객 진짜 대단하다 이딴영화가 천만이라니 댓글알바들 죽이고싶다 배급사 죽이고싶다 
258,신과 함께1,2017,"판타지, 드라마",8, 관람객 웹툰 안보고 본거라 신선했고 CG도 괜찮았고 마지막은 눈물터지니까 주의하세여ㅠㅠ 
259,신과 함께1,2017,"판타지, 드라마",1, 관람객 진짜 OOO기 이딴걸 돈주고 본게 아깝다 
260,신과 함께1,2017,"판타지, 드라마",10, 관람객 재미있고 감동도 있네요 
261,신과 함께1,2017,"판타지, 드라마",5, 관람객 스토리의 빈약함을 신파극으로 덮으려한 느낌.씨쥐는 멋졌다. 
262,신과 함께1,2017,"판타지, 드라마",1, 관람객 원작의 웹툰을 너무 재미있게 봐서일까.스토리의 개연성까진 좋았는데 전개가 느린점이 헐리웃액션에 길들여진 나에겐 지루했으며 배역들의 선정이 역활과 어울리지 않아서 보는 내내 어색했다.웹툰 원작은 정말 재미있어요. 
263,신과 함께1,2017,"판타지, 드라마",1, 관람객 최악이였다모든게별로였다 그중 스토리가 제일ㅂㅅ같았다 
264,신과 함께1,2017,"판타지, 드라마",1, 관람객 아무 느끼멊어 .재미없어 
265,신과 함께1,2017,"판타지, 드라마",1, 관람객 소문듣고 관람~사상 최악의 엉터리죠 
266,신과 함께1,2017,"판타지, 드라마",5, 관람객 신과 함께 - 나의 어머니 
267,신과 함께1,2017,"판타지, 드라마",10, 관람객 와 명불허전 하정우... 진짜 믿고봤지만 겁나 재밌다 어재 혼자 가서 봐서 끅끅 웃었다는 ㅋㅋㅋㅋ주지훈 김향기 또 뉴규였더라김동욱인가 특별출연 이정재마요미 다 넘 웃겼다 엄마 연기하신분 관심병사 
268,신과 함께1,2017,"판타지, 드라마",1, 관람객 이게 어떻게 천만인가 싶다. 스토리가 너무 엉망진창이다. 원작을 차라리 스타워즈처럼 9부작으로 만들 생각으로 그대로 반영했으면 차라리 괜찮았지 싶다. 
269,신과 함께1,2017,"판타지, 드라마",10, 관람객 진기한없어서 괜찮을까 했는데 나름 빈자리는 안느껴졌어요 정말! 중간에 원귀병사 모래태풍은 에엥.. 했지만 마지막도 너무 감동적이야서 눈물 폭풍에 도경수 연기 진짜 잘하네요! 저는 너무 만족한 영화였습니다. 
270,신과 함께1,2017,"판타지, 드라마",8, 관람객 너무 기대했던 것에 비해 조금 아쉬운 부분이 있어요.원작과 많이 다르기도 하고 판타지적인 요소만 부각 되어서요즘 흔히 볼 수 있는 중국 무협영화 같은 느낌 
271,신과 함께1,2017,"판타지, 드라마",1, 관람객 억지로 눈물을 강요하는 영화ㅜ 
272,신과 함께1,2017,"판타지, 드라마",1, 관람객 어이없음 왜 이영화에 관객들이 모일까??? 
273,신과 함께1,2017,"판타지, 드라마",1, 관람객 왠만하면 극장에서 돈주고 보지 마세요 
274,신과 함께1,2017,"판타지, 드라마",8, 관람객 너무재밌게 봤습니다 역시 차태현 ㅎㅎ 700만이상은 확실함 
275,신과 함께1,2017,"판타지, 드라마",1, 관람객 진짜 이건아니다 이건 신과함께가 아니다 
276,신과 함께1,2017,"판타지, 드라마",10, 관람객 눈물... 웹툰 한번도 안 봤는데 재밌고 슬프고 그랬어요 ㅜㅜ 
277,신과 함께1,2017,"판타지, 드라마",10, 관람객 런닝타임이 약간 길긴한데 지루한 느낌은 없었네요묵직한 주제이지만 유머도 잘 섞여있고요 
278,신과 함께1,2017,"판타지, 드라마",10, 관람객 원래 한국영화잘안보는데 이영화는인정함 내가감동적으로본 영화탑5안에듬 정말잘봤습니다 
279,신과 함께1,2017,"판타지, 드라마",5, 관람객 한국형 판타지는 신선했지만 스토리는 원작이 더 나은거같음 
280,신과 함께1,2017,"판타지, 드라마",1, 관람객 좀더 발전해서 나오면 좋겠네요 
281,신과 함께1,2017,"판타지, 드라마",1, 관람객 웹툰에비해너무나도; 
282,신과 함께1,2017,"판타지, 드라마",1, 관람객 재미없어 잘 잤어요~~ 
283,신과 함께1,2017,"판타지, 드라마",4, 관람객 ....집에서 봤으면 더 재미없었겠다 
284,신과 함께1,2017,"판타지, 드라마",1, 관람객 유치합니다.유치뽕짝입니다. 
285,신과 함께1,2017,"판타지, 드라마",1, 관람객 수준미달. 젬없음ㅠㅠㅠ 
286,신과 함께1,2017,"판타지, 드라마",1, 관람객 노잼노잼십노잼노잼개노잼노잼노잼 
287,신과 함께1,2017,"판타지, 드라마",1, 관람객 시간떼우기용 킬링타임 내용이 산으로감ㅡㅡ 
288,신과 함께1,2017,"판타지, 드라마",1, 관람객 ....돈이 아까웠어요 
289,신과 함께1,2017,"판타지, 드라마",1, 관람객 지루함더 언제 끈나나노심초사 햇심더내용이 진지하지도 않고웅장한 스케일만 집중하다보니까사실상 내용도 머도 남는게 없네요 
290,신과 함께1,2017,"판타지, 드라마",9, 관람객 나름 재미있고 감동도있음 원작보단 재미면에서 떨어짐 
291,신과 함께1,2017,"판타지, 드라마",1," 관람객 음.... 솔직히 이게 왜.... 허참.... CG는 훌륭함, 액션도 양호함, 근데 재판과정 스토리 짜임새 엉망, 감동도 애매, 웃음 없다시피함. 이건 폭넓은 연령타겟, 경쟁작품 없음, 크리스마스, 연말, 연초 시즌... "
292,신과 함께1,2017,"판타지, 드라마",9, 관람객 웹툰과 책으로 보다가 영화로 보니 더 실감나고 재미있었지만 그래도 뭔가가 조금 아쉬웠어요 
293,신과 함께1,2017,"판타지, 드라마",10, 관람객 마지막반전이...가장 뭉클했다 
294,신과 함께1,2017,"판타지, 드라마",10, 관람객 재밋습니다 보세요강추 
295,신과 함께1,2017,"판타지, 드라마",9, 관람객 재미있고 감동적인 내용이어습니다 
296,신과 함께1,2017,"판타지, 드라마",3, 관람객 정말 유치한 영화였다.. 
297,신과 함께1,2017,"판타지, 드라마",1, 관람객 하고싶은걸 하지말고 잘 하는걸 해 
298,신과 함께1,2017,"판타지, 드라마",8, 관람객 볼만했지만..약간지루했던.. 
299,신과 함께1,2017,"판타지, 드라마",2, 관람객 스토리꽝 배우들 배역 꽝 그나마 CG대박~~ 
300,신과 함께1,2017,"판타지, 드라마",1, 관람객 어진짜.걍중간에나왓네요재미없어요 
301,신과 함께1,2017,"판타지, 드라마",10, 관람객 진정한 주연은 수홍역의 김동욱!! 
302,신과 함께1,2017,"판타지, 드라마",1, 관람객 스크린 독점해서 흥행하니 좋으세요?ㅋㅋㅋㅋ 제작진들과 배우분들 피땀흘려 고생한거 생각해서라도 정당하게 해야하지 않겠어요? 위대한 쇼맨 서울서만 보다가 지방 와서 한번 볼려니까 제일 가까운 상영관이 옆 도시라는거 보고... 
303,신과 함께1,2017,"판타지, 드라마",9, 관람객 웹툰을 안봐서 잘 모르지만 영화는 재밋엇슺니당 
304,신과 함께1,2017,"판타지, 드라마",1, 관람객 갠적으로 별로였음 지루했음 
305,신과 함께1,2017,"판타지, 드라마",10, 관람객 슬프고 재밌고 생각이상으로 재밌어요 
306,신과 함께1,2017,"판타지, 드라마",9, 관람객 감동적인 착한영화 그뤠잇!!!! 
307,신과 함께1,2017,"판타지, 드라마",9, 관람객 재미있게 관람 잘했어요~ 재미져요^^ 
308,신과 함께1,2017,"판타지, 드라마",9, 관람객 저는 나름 재밌게 봤습니다! 
309,신과 함께1,2017,"판타지, 드라마",1, 관람객 초딩들이나 좋아할영화 보는내내 졸려서 혼났음 
310,신과 함께1,2017,"판타지, 드라마",1, 관람객 증말너무재미없고시간이아까웠음 
311,신과 함께1,2017,"판타지, 드라마",1, 관람객 병장이 내무반 긴장감을 남동생군기잡기가 아니라 여동생인기 끌기 방법으로 리드해 관심병사 마음의병을 더 키워버리다니 ; 보이스카웃시스템밀리터리 ...수입용병이 필요하다는건가 미국 매일 총기사고지만 또한 전쟁시 평소데로... 
312,신과 함께1,2017,"판타지, 드라마",10, 관람객 넘나 재밌는것 스토리 연출력 모두 좋구요 남자인데도 눈물이 날만큼 감동적인 부분도 있네요 
313,신과 함께1,2017,"판타지, 드라마",9, 관람객 울다가 웃다가 울다가 웃다가의 반복 하지만 꿀잼 
314,신과 함께1,2017,"판타지, 드라마",9, 관람객 원작과는 내용이 좀 다르지만 영화대로 재미와 감동을 다 주어서 좋았습니다. 
315,신과 함께1,2017,"판타지, 드라마",1, 관람객 별로였음 10자 평 채우기도 아까움 
316,신과 함께1,2017,"판타지, 드라마",9, 관람객 나름 볼만했습니다 컴온~ 
317,신과 함께1,2017,"판타지, 드라마",8, 관람객 만족스럽습니다. 중간은 약간 찌뿌둥했지만 시작과 끝이 임팩트가 어마어마해서 진짜 보기좋았습니당. 
318,신과 함께1,2017,"판타지, 드라마",1, 관람객 개OOO가튼영화보다나왓음장난해시방.와진짜개실망 
319,신과 함께1,2017,"판타지, 드라마",1, 관람객 살다가 이렇게 돈이 아까운 영화는 진심 처음이었다 최악 
320,신과 함께1,2017,"판타지, 드라마",1, 관람객 개인적으로 별로였어요.. 
321,신과 함께1,2017,"판타지, 드라마",1," 관람객 한정된 시간을 어쩔 수 없이 자홍의 스토리에 집중해야 하는 것은 맞지만, 차사의 행동이나 대사가 납득이 가지 않는다. 중간의 스킵하는 지옥 등장시킬 시간에 차라리 좀 더 해원맥의 행동에 정당성을 부여해주었으면 ... "
322,신과 함께1,2017,"판타지, 드라마",10," 관람객 무조건 잼있을거라 기대한 내 잘못이다.재미가 아니라 나를 돌아보늘 성찰의 시간이였고,앞으로 어떻게 살아야하는지 알려주는 영화였다.휴지 준비는 필수.. ㅠ "
323,신과 함께1,2017,"판타지, 드라마",9, 관람객 CG 넘 괜찮았어요 혜원맥 캐릭터는 적절하게 웃음도 주구강추 
324,신과 함께1,2017,"판타지, 드라마",1, 관람객 마지막이 감동적이고 나머지는 재미없고 지루하네요 왜 1200만 돌파잊 모르겠네 
325,신과 함께1,2017,"판타지, 드라마",1, 관람객 노잼이기보다도 여자친구가 보지말재서 못봤는데 환불도 못함ㅅㅂ 
326,신과 함께1,2017,"판타지, 드라마",10, 관람객 예고편보고 신과함께 웹툰을 오마주로 한 다른 영화인걸 알았기 때문에 기대는 안하고 봐서 그런지 만족 특별출연이라서면 분위기 다 씹어먹던 이정재님...리뷰가 죄다 신파극에 모성애에 지겹다 어떻다 적어서 슬픈건 기대도 ... 
327,신과 함께1,2017,"판타지, 드라마",9, 관람객 엄마랑 같이 봤는데 재밌었어요 엄마가 엄청 울어서 조금 놀랐네욥 
328,신과 함께1,2017,"판타지, 드라마",8, 관람객 나도 이제 늙었나보네... 눈물이 많아져... 
329,신과 함께1,2017,"판타지, 드라마",9, 관람객 박진감있는 스토리에 배우들의 연기도 훌륭했습니다. 
330,신과 함께1,2017,"판타지, 드라마",9, 관람객 볼만은합니다 그이상은 아님 
331,신과 함께1,2017,"판타지, 드라마",7," 관람객 영화라는 한계안에서 스토리를 풀어내려는 노력이 보였으나, 역시나 원작에 비해서는 아쉬운 부분들이 많네요... "
332,신과 함께1,2017,"판타지, 드라마",10, 관람객 기대마니하고 봤는데 역시 기대한만큼 잼나게봤네요.감동적이고 CG정말 끝내주고배우들 연기도 짱이었어요.역시 믿고보는 배우들넘 멋졌어요~~대박나기를~~ 
333,신과 함께1,2017,"판타지, 드라마",8, 관람객 재미나네요 착하게삽시다 
334,신과 함께1,2017,"판타지, 드라마",10, 관람객 넘 재밌게 봤어요.2편도 기대할께요. 
335,신과 함께1,2017,"판타지, 드라마",8, 관람객 스토리도 잼 있고 감동도 있고 재미있게 관람했습니다 
336,신과 함께1,2017,"판타지, 드라마",2, 관람객 평점이 생각보다 다들 높네요~전 우뢰매보는 줄 
337,신과 함께1,2017,"판타지, 드라마",8, 관람객 판타지하고 액션 감동둘다 만족하게 봤습니다 
338,신과 함께1,2017,"판타지, 드라마",1, 관람객 이런 영화가 무슨 천만인지...내용도 없고 감동도 없고 재미도 없음..돈 아까웠음 
339,신과 함께1,2017,"판타지, 드라마",1, 관람객 별로였어요 나는 이게 별로 
340,신과 함께1,2017,"판타지, 드라마",1, 관람객 너무좋았다 됬냐 아오 개귀천ㅅ네 
341,신과 함께1,2017,"판타지, 드라마",10, 관람객 진짜 재밌었음 가족이랑 보면 더할나위없이 좋을듯ㅋㅋ 
342,신과 함께1,2017,"판타지, 드라마",10, 관람객 재밌네요. 후속편기대중 
343,신과 함께1,2017,"판타지, 드라마",8, 관람객 오늘11시예매해서 와이프랑 봣는데요. 웹툰을 잼잇게봐서 본건데 마음가짐을 새롭게 갖게되구요. 잼있어요. 그리고 후반에 눈물 많이나요. 저도최근에 돌아가신 가족이 잇어서그런지 더 찡하네요.. 돈 안아깝네요. 
344,신과 함께1,2017,"판타지, 드라마",10, 관람객 잘봤습니다 잘봤습니다 
345,신과 함께1,2017,"판타지, 드라마",10, 관람객 연말에 본 영화답게 마음정리 잘할 수 있게 도와준 영화이고 너무 감동적으로 봤습니다^^ 
346,신과 함께1,2017,"판타지, 드라마",4, 관람객 다들 눈물 쏟고 나온다고 했는데 전 개인적으로 별로였네요... 
347,신과 함께1,2017,"판타지, 드라마",4, 관람객 스토리가너무진부해요.. 
348,신과 함께1,2017,"판타지, 드라마",2, 관람객 저승사자와 지옥이라는 진부한 컨셉 안에 설득력을 이끌어 낼 수 있는 스토리가 전혀 없었음. CG는 많이 신경 쓴것 같아서 2점 
349,신과 함께1,2017,"판타지, 드라마",5, 관람객 원작에서 말하고자 하는 바를 잘 전달하지 못 한듯 하네요. 그래픽에 너무 신경쓰다보니 전체적인 스토리가 빈약하네요. 
350,신과 함께1,2017,"판타지, 드라마",1, 관람객 너무 유치하고 주인공버프 넘 심해요..배우들이 다들 굉장하신 분들이라 기대했었는데 실망이네요..ㅠㅠ 
351,신과 함께1,2017,"판타지, 드라마",10, 관람객 음...다른분들평보고 안울어야지 했는데....대성통곡했네요.강추합니다.글구 특별출연 :이정재 가 아닌거 같은데요.ㅇ. 
352,신과 함께1,2017,"판타지, 드라마",8, 관람객 특수효과 보는 것만으로도 돈 아깝진 않았어요. 마지막에 울음 참느라 힘들었음 ㅋㅋ 
353,신과 함께1,2017,"판타지, 드라마",8, 관람객 마지막에 좀 많이 슬픔.. 
354,신과 함께1,2017,"판타지, 드라마",9, 관람객 원작과 다른 캐릭터 설정이지만 웹툰과는 다른 느낌이라서 재미있었어요! 
355,신과 함께1,2017,"판타지, 드라마",10, 관람객 감정이 메마른줄 알았는데 영화내내 울고나왔네요ㅜㅜ 진심 아이라인 금지염 그리고 변호사 빼고는 거의다 나왔네요! 
356,신과 함께1,2017,"판타지, 드라마",10, 관람객 4번 울었음. 여자친구 옆에 있어서 안울려고 했으나 4번이나 울어버림.. 
357,신과 함께1,2017,"판타지, 드라마",10, 관람객 내 인생 25년간 사나이로 태어나 이렇게 질질 짠 영화는 처음이다. 
358,신과 함께1,2017,"판타지, 드라마",10, 관람객 간만에 첨부터끝까지한장면도안놓쳤습니다 
359,신과 함께1,2017,"판타지, 드라마",9, 관람객 볼거리가풍성하고 감동도있습니다 
360,신과 함께1,2017,"판타지, 드라마",9, 관람객 마지막에 감동.손수건들고 가세요. 
361,신과 함께1,2017,"판타지, 드라마",9, 관람객 감동적입니다.잘 봤습니다. 
362,신과 함께1,2017,"판타지, 드라마",9, 관람객 감동도 있고 너무 재밌게 봤어요. 
363,신과 함께1,2017,"판타지, 드라마",1, 관람객 천만관객이라 따라 봤더니 그동안 본 영화중 가장 재미 없는 영화임 
364,신과 함께1,2017,"판타지, 드라마",10, 관람객 재밌다 나 영화후기 잘 안남기는데.. 긴시간인데도 절대 지루하지않았음 차태현배우가 역을 맡은게 신의한수였다 너무 잘어울렸고 연기도 너무 잘한다 
365,신과 함께1,2017,"판타지, 드라마",10, 관람객 썸남이랑 보지마세요 화장 다 사라지는 마술~^ ^ 
366,신과 함께1,2017,"판타지, 드라마",10, 관람객 영화 재밌게 잘 봤습니단~ 
367,신과 함께1,2017,"판타지, 드라마",10," 관람객 웹툰 보다 재미 없을 거라는 생각은 안하셔도 될것 같지만, 조금은 아쉬운 부분이 있었습니다. 하지만 한번은 꼭 봐야 합니다. 마지막에 울었습니다. "
368,신과 함께1,2017,"판타지, 드라마",8, 관람객 지루할틈이 없네요 후반부에서 눈물이 계속났어요 영화 추천합니다 
369,신과 함께1,2017,"판타지, 드라마",9, 관람객 보면서 부모님생각많이났어요~ 정말 인생잘살아야겠다고..다시한번 돌아보게되는영화ㅋㅋ 
370,신과 함께1,2017,"판타지, 드라마",9, 관람객 서사가 좀 신파적이긴 한데 한국 영화도 꽤 볼만하다 싶었습니다. 추천합니다. 
371,신과 함께1,2017,"판타지, 드라마",10, 관람객 ㅠㅠ 감동 가족과 함께 즐거운 시간 보내세요 
372,신과 함께1,2017,"판타지, 드라마",10, 관람객 재밌으면서도 슬픈내용이 있는 영화인생을 다시 돌아보게 하는 영화 
373,신과 함께1,2017,"판타지, 드라마",9, 관람객 CG는...좀 . 티마이나지만. 그래도.사후세계 지식 없는 사람들은 뭔지 하나도 모를듯후편있는거야? 결말 뭐임.런닝타임도 긴데 감독판은 몇시간임?너무 많은걸 영화에 담아내려고 하니.. 시간이 모자라.김동욱씨 뜰때도 ... 
374,신과 함께1,2017,"판타지, 드라마",10, 관람객 스케일에 압도되었습니다.내년에 나올 다음영화도 기대됩니다! 
375,신과 함께1,2017,"판타지, 드라마",1, 관람객 하정우만 보입니다... 김향기는 무슨 빽으로 출연했는지.... 캐스팅 미스... 
376,신과 함께1,2017,"판타지, 드라마",1, 관람객 누구하나 찰떡같은 연기력을 볼 수 없었구요.. 내용도 노잼 
377,신과 함께1,2017,"판타지, 드라마",2," 관람객 차태현 - 3시간 가까이 엄마타령..별특징도 없음하정우 - 그냥 하정우라는 배우에서 느껴지는 멋짐. 말고는 다른건 딱히..주지훈 - 과하다. 연기도 과하고 리액션도 과하고. 톤도 과하고.. 영화 전체 - 유치, 지루... "
378,신과 함께1,2017,"판타지, 드라마",6," 관람객 아쉽고 지루했어요 ,, 슬픈거랑 재밌는게 별거인지 이제야 알았음 "
379,신과 함께1,2017,"판타지, 드라마",8, 관람객 웹툰도 홍보도 보지 않고 만난 영화입니다.엄청난 cg와 사운드에도 불구하고 앞 부분에서 살짝 졸려서 실망할 뻔 했는데 뒷심이 장난 아닙니다. 막판에 펑펑 울었네요. 
380,신과 함께1,2017,"판타지, 드라마",1, 관람객 너무 최악 어린이 연극 보는줄 
381,신과 함께1,2017,"판타지, 드라마",8, 관람객 재밌습니다 여자친구 펑펑우니요 
382,신과 함께1,2017,"판타지, 드라마",9, 관람객 굿 너무좋ㅇㄱㆍ용 또 올거에용 
383,신과 함께1,2017,"판타지, 드라마",10, 관람객 대박잼있네요ㅋㅋ 아무것도 모르고가서 그런가 스토리 꿀잼으로봤어요 하정우존멋 
384,신과 함께1,2017,"판타지, 드라마",10, 관람객 처음에는 진기한 변호사가 없다는거에 걱정을 했지만 꼭 보시라!! 정말로 한국 영화 맞나 싶습니다. 스토리와 감동이 정말 대단합니다.ㅠㅠㅠ 봤던 영화중에서 베스트1위 입니다. 
385,신과 함께1,2017,"판타지, 드라마",10, 관람객 배우들의 연기도 좋았고 cg도 실감났다. 거기에 스토리도 굿굿 
386,신과 함께1,2017,"판타지, 드라마",10, 관람객 정말 울보가 되었네요. 
387,신과 함께1,2017,"판타지, 드라마",3, 관람객 별로네 지루해서 영화보다가 비트코인했다. 
388,신과 함께1,2017,"판타지, 드라마",3, 관람객 액션은 훌륭하나 역시 원작을 못 따라잡는다 억지스럽게 눈물을 쥐어짜내고 내용이 지루해진다 
389,신과 함께1,2017,"판타지, 드라마",10, 관람객 너무너무재미있어요~~~ 
390,신과 함께1,2017,"판타지, 드라마",10, 관람객 웹툰 두번보고 갓는데 실망하지않고 너무나 재밌게봤어요연기자들의 연기나 내용도 탄탄했고스케일도 크고 정말 추천합니다 
391,신과 함께1,2017,"판타지, 드라마",9, 관람객 남자 셋다 눈 시릴때까지 울엇다 교훈얻저 
392,신과 함께1,2017,"판타지, 드라마",10, 관람객 내 시간 순삭 2편 기대하게 만드는 영화 울다 웃다 봄 모든 배우들이 연기를 잘해서 몰입도 짱이였음 꼭보세요 주지훈 기럭지에 놀람 옷핏이 사람인지 의심스럽다 팬클럽 가입해야지 ㅋㅋㅋㅋ 
393,신과 함께1,2017,"판타지, 드라마",7," 관람객 영화 완성도를 떠나, 반평생 살다보니 반성과 각성으로 가슴이 찔렸습니다. "
394,신과 함께1,2017,"판타지, 드라마",1, 관람객 최악입니다보다가 나오긴 처음이네요1점도 아깝습니다 
395,신과 함께1,2017,"판타지, 드라마",1, 관람객 억지로즙짜내기ㅋㅋ쓰레기삼류 ㅋ하정우 생강해서 일점줌 
396,신과 함께1,2017,"판타지, 드라마",1, 관람객 내내 지루하다가 막판의 신파에 모든 것을 쏟아부은 듯하다 
397,신과 함께1,2017,"판타지, 드라마",1, 관람객 별로였음 ㅠㅠ 생각보다 
398,신과 함께1,2017,"판타지, 드라마",10, 관람객 신과 함께 추천합니다 가족들과 같이보세요 신과함께보면서 눈물쏙빼고갑니다신기하고 감동입니다. 
399,신과 함께1,2017,"판타지, 드라마",1, 관람객 너무너무너무재미없어 
400,신과 함께1,2017,"판타지, 드라마",5, 관람객 산만하고 혼란스럽다. 
401,신과 함께1,2017,"판타지, 드라마",10, 관람객 현몽때 슬퍼죽는줄ㅜㅜ 부모님께 잘해드려야지... 
402,신과 함께1,2017,"판타지, 드라마",9, 관람객 영화는 대체적으로 재밌었습니다웹툰을 안보고 간거라 내용도 신선했고요 
403,신과 함께1,2017,"판타지, 드라마",1, 관람객 진짜넘나최악영화돈아깝기처음.울음포인트대체어디?사람들왜우는거?개억지영화 
404,신과 함께1,2017,"판타지, 드라마",1, 관람객 정말재미없게봣네요.. 
405,신과 함께1,2017,"판타지, 드라마",10, 관람객 엄마랑 함께 영화를 같이 봤는데 보면서 많은걸 느꼈구 감동적이면서 중간에 코믹도 있고 울다가 웃고 울다가 웃고 완전 잼나게 잘봤네요~^^ 
406,신과 함께1,2017,"판타지, 드라마",10, 관람객 좋네요 재밌게잘봤습니다 ㅋㅋㅋ 
407,신과 함께1,2017,"판타지, 드라마",9, 관람객 재미와 감동이 있고 CG도 훌륭한 
408,신과 함께1,2017,"판타지, 드라마",6, 관람객 어쩔수없이 원작이랑 비교하다보니까 그냥그렇다Cg가 너무.. 
409,신과 함께1,2017,"판타지, 드라마",10, 관람객 와....개꿀잼ㅁ입니다..보다가 엉청 울었어요ㅠㅠㅠ 시즌2나오면 또 개봉하자마자 볼겁니다 
410,신과 함께1,2017,"판타지, 드라마",10, 관람객 내용은 감동+액션이 어벤져스급 
411,신과 함께1,2017,"판타지, 드라마",1, 관람객 영화보다 나온적 처음이였습니다 지겹고뻔하고유치한cg였네요 
412,신과 함께1,2017,"판타지, 드라마",5, 관람객 걍 생각없이 보기에는 괜찮음 솔직히 노잼. 교훈이라면 죄 짓지 말자정도? 이게 1300만이나 넘을만한 영화인지는 모르겠다. 1987이 이것때문에 1000만 못돌파 했기에 점수 일부러 낫게 준다. 
413,신과 함께1,2017,"판타지, 드라마",4, 관람객 부모와 자식간의 그런내용을 다룬거라 울만한 포인트가 곳곳에 억지로 다 있어서 그런 부분이 개인적으로는 별로였습니다... 만화도 본적없고 기대도안하고 봤는데 ..음...좀..개인적으론 돈이아까웠네요 
414,신과 함께1,2017,"판타지, 드라마",2, 관람객 방금 보고왔는데 진짜 재미없다 평점 왜이렇게 높냐무슨 초등학생 만화처럼 유치하고 억지눈물 감동 cg가 유치한게 아니라 내용이 정말 유치하고 신파극 이라고하나? 아무튼 재미없는데 평점높아서 짱난다 원작이더 재밌다 
415,신과 함께1,2017,"판타지, 드라마",6, 관람객 그냥 그랬다...전형적인 차태현 배우의 가족영화 느낌..김동욱의 마지막 눈물 연기가 소름... 
416,신과 함께1,2017,"판타지, 드라마",4," 관람객 솔직히 기대이하 초반은 재미있는데 후반으로 갈수록 신파극에 저승법도를 밥먹듯이 어기는 개연성 없는 어거지 전개, 긴 러닝타임을 작위적 신파로 낭비, 좋은 설정과 배경에 이정도 밖에 못 만드나 싶다 진심으로 거품이 ... "
417,신과 함께1,2017,"판타지, 드라마",1, 관람객 솔직히 개노잼....ㅋㅋ 뻔한신파극 
418,신과 함께1,2017,"판타지, 드라마",2," 관람객 대화가 너무 수준 낮다 ㅠㅠ 세계관, cg 기술 등은 인정하지만 스토리 자체는 너무 뻔한 한국영화, 딱 그 정도. "
419,신과 함께1,2017,"판타지, 드라마",4, 관람객 질리도록 많이 본 전형적인 눈물 짜내기용 신파극. 원작에서의 진기한의 설정을 영화에서 바꾼것이 큰 실수였다고 생각함. 
420,신과 함께1,2017,"판타지, 드라마",3, 관람객 내용은 진짜 쉽게 만들어졌는데 그만큼 딱 유치하네요 
421,신과 함께1,2017,"판타지, 드라마",6, 관람객 C.G 기술이 돋보였으나 개연성이 부족한 듯. 
422,신과 함께1,2017,"판타지, 드라마",2, 관람객 기대하고 봤는데 너무 재미가 없네요영화보는 동안 꾸버꾸벅 졸았어요마지막 장면이 조금 감동적인것 빼고는 영~ 
423,신과 함께1,2017,"판타지, 드라마",10, 관람객 믿고보는차태현울고웃고울고펑펑울고웃고 
424,신과 함께1,2017,"판타지, 드라마",10, 관람객 원작과는 색다른 느낌으로 잘 보았습니다. 
425,신과 함께1,2017,"판타지, 드라마",1, 관람객 눈물 양파로 짜내려는 영화 
426,신과 함께1,2017,"판타지, 드라마",1, 관람객 이게 무슨 천만 영화입니까 억지스러운 배우 이름빨에의존한 영화 실망입니다 
427,신과 함께1,2017,"판타지, 드라마",2," 관람객 ""우리 영화 슬픈영화이니 이 장면에서 우셔야 합니다""라고 쓰인 매뉴얼을 읽는 느낌 "
428,신과 함께1,2017,"판타지, 드라마",8, 관람객 다시 생각해보니까 전체적으로 스토리는 좀 별론데 그래도 재밌게 봤네여ㅋㅋ cg엄청나요 착하게 살아야겠다고 생각했습니다 
429,신과 함께1,2017,"판타지, 드라마",10, 관람객 너무 재밌고 너무 슬퍼요.. 
430,신과 함께1,2017,"판타지, 드라마",10, 관람객 잼있네요. 방금 조조로 봤네요. 할인혜택 까지....!시간 금방가요.. 
431,신과 함께1,2017,"판타지, 드라마",2, 관람객 주지훈 역할이 너무 촐싹맞음.. 내용과 안어울리게.. 신파극으로 만들어놨음 아주 유치함 . 지옥 전개가 너무 빠름 맛만보여주는식. 그나마 cg는 노력한거같아서 2점줌 
432,신과 함께1,2017,"판타지, 드라마",10, 관람객 너무나 잼있게 잘봤습니다 
433,신과 함께1,2017,"판타지, 드라마",10, 관람객 원작하고 좀 다른건 아쉽지만 너무 재밌고 슬프고 하네요 Cg도 잘한거 같아요!!! 
434,신과 함께1,2017,"판타지, 드라마",10, 관람객 군대이후로 처음울었어요 개슬픔힝.. 
435,신과 함께1,2017,"판타지, 드라마",10, 관람객 삶에서 죄를 많이 지으면 안된다는사실과 차태연에연기와 하정우에 연기가 실감났네요 
436,신과 함께1,2017,"판타지, 드라마",7, 관람객 새롭지만 파격적이지는 않은..아이들은 좋아할것 같아요 
437,신과 함께1,2017,"판타지, 드라마",1, 관람객 전개가 너무 빨라 억지감동을 유발함 
438,신과 함께1,2017,"판타지, 드라마",1, 관람객 구지 평점 준다면 6점정도일듯 .. 너무 억지감동 평점좀 내려가야됨 
439,신과 함께1,2017,"판타지, 드라마",1, 관람객 생각ㅂ?다재밋네유ㄹ 
440,신과 함께1,2017,"판타지, 드라마",1, 관람객 현실성 없는 영화라 그닥 와 닿지 않았음. 
441,신과 함께1,2017,"판타지, 드라마",10, 관람객 재밌어요! 휴지 챙겨가세여ㅠㅠㅠ 
442,신과 함께1,2017,"판타지, 드라마",9," 관람객 원작보다 더재밋는 영화랄까?강추합니다.ㅋㅋ내용은 조금 각색되었지만,슬픔 기쁨 재미가 더해졌네요!!! "
443,신과 함께1,2017,"판타지, 드라마",10, 관람객 이번한국영화중 가장대박이라생각합니다 
444,신과 함께1,2017,"판타지, 드라마",10, 관람객 최고입니다 눈물흘리면서봣네요 ㅠ 
445,신과 함께1,2017,"판타지, 드라마",10, 관람객 웃다가 울다가 시간가는줄 몰랐던 영화 
446,신과 함께1,2017,"판타지, 드라마",10, 관람객 진변호사 부재가 클 줄 알았는데 전혀 안 느껴지고 재미있게 봤어요! 
447,신과 함께1,2017,"판타지, 드라마",10, 관람객 꿀잼 원작안봤는데 영화는 재밌네요 중간중간 웃음포인트들도 많고 감동도있고 마지막도 꿀잼 
448,신과 함께1,2017,"판타지, 드라마",1, 관람객 스토리도 연기도 물흐르듯 흐르지 않고 삐걱삐걱 
449,신과 함께1,2017,"판타지, 드라마",10, 관람객 대 존잼 증말 꼭보세요 부탁임 
450,신과 함께1,2017,"판타지, 드라마",10, 관람객 신파극도 이정도면 예술이다 
451,신과 함께1,2017,"판타지, 드라마",1, 관람객 CG면에서 아쉬움이 많이 남은 작품감정 몰입이 어렵게 느껴졌습니다. 
452,신과 함께1,2017,"판타지, 드라마",9, 관람객 시간도 길고 저는 너무 재밌게 봤어요. 
453,신과 함께1,2017,"판타지, 드라마",1, 관람객 만화와 심한 이질감.. 
454,신과 함께1,2017,"판타지, 드라마",1, 관람객 별로 나랑은 맞지않아 슬픈부분은 알지만 남들이 운다해서 나까지 울 필요가... 
455,신과 함께1,2017,"판타지, 드라마",10, 관람객 옆에 여자친구가 보고 울었어요 
456,신과 함께1,2017,"판타지, 드라마",10, 관람객 감동입니다. 정말 최고였어요 
457,신과 함께1,2017,"판타지, 드라마",10, 관람객 와 개오집니다 이거.. 하정우 OO시함;;; 오져따리오져따;;; 향기 너무 귀여워ㅠㅠ 이덕춘! 
458,신과 함께1,2017,"판타지, 드라마",10, 관람객 말이 필요없는 대작입니다.울다 웃다.. 
459,신과 함께1,2017,"판타지, 드라마",5, 관람객 배우들 연기 좋고 지옥마다 어떤 재판을 받는지 잘 풀어갔으며 탈영범과 김자홍이 어떤식으로 이어지는지 나름 개연성 있었음 근데 많는 내용을 영화에 너무 다 담을려고 했는지 초반엔 이건 뭔가 했지만 끝에서 풀었음 
460,신과 함께1,2017,"판타지, 드라마",5, 관람객 진기한 없이진행되는 사건들이 좀 인위적이라는 느낌.익숙한 배우들이 너무많아 몰입이 좀 어려웠어요.가족이 즐긴다는 측면에서는 좋았어요. 
461,신과 함께1,2017,"판타지, 드라마",6, 관람객 기대를 너무 많이 했는지 생각보다 별로였음ㅜㅜ 
462,신과 함께1,2017,"판타지, 드라마",4, 관람객 울어라!!울어!!!울어!!!!제발울어!!라고 말하는듯 
463,신과 함께1,2017,"판타지, 드라마",6, 관람객 웹툰이 너무 잘되서인가.. 솔직히 대박이다.. 너무 재밌다 이런느낌은 안옴.. 유치하기도하고 
464,신과 함께1,2017,"판타지, 드라마",4, 관람객 너무유치한거갘습니다 후반부에 좀 슬픈내용이 있긴하지만 
465,신과 함께1,2017,"판타지, 드라마",5, 관람객 보다가 나왔어요..확실히 호불호 있는영화인듯.. 
466,신과 함께1,2017,"판타지, 드라마",3, 관람객 가볍게 보기엔 러닝타임이 너무 길음. 시간도 긴데 지루하기까지함... 
467,신과 함께1,2017,"판타지, 드라마",7, 관람객 영화를 잡탕으로 만들어놨다. 망작은 망작인데 볼거리 있고 눈물도 나오고 소소하게 웃음 포인트도 있다는 게 참 애매하네... 
468,신과 함께1,2017,"판타지, 드라마",6, 관람객 다소 억지스러운 전개.. 슬프긴 하지만 전개가 공감이 되지는 않네요. 
469,신과 함께1,2017,"판타지, 드라마",6," 관람객 하정우씨와 향기씨가 연결되어 말을 하는 장면 등 대사가 겹치는 부분이 대사가 너무 전달력이 떨어져서 아쉬웠고, 너무 유아틱하지 않았나싶었습니다. 그리고 마지막장면을 제외하곤... 좀 아쉬웠습니다. "
470,신과 함께1,2017,"판타지, 드라마",1, 관람객 이게 왜 1400만 찍은건지 이해가 안되는 영화2편은 별로 보고싶지가 않다 
471,신과 함께1,2017,"판타지, 드라마",5, 관람객 별로 재미없다.ㅇㅇㅇ 
472,신과 함께1,2017,"판타지, 드라마",5, 관람객 너무유치햇어ㅠㅠㅠㅠ 
473,신과 함께1,2017,"판타지, 드라마",1, 관람객 돈은 둘째치고 시간 아까워 죽는줄 알았음난생 처음 영화보다가 나가자 소리 처음 해봤다 
474,신과 함께1,2017,"판타지, 드라마",3, 관람객 설득력 없는 신파에 유치함까지 최악이었음 
475,신과 함께1,2017,"판타지, 드라마",5," 관람객 차태현의 영화 내내 일관된 표정과 괜한 암유발, 주지훈의 어색한 연기, 판관의 과한 익살은 거슬림. cg는 발전했지만 정신없는 화면전환에 몰입감이 떨어짐. 한 편에 여러 지옥을 우겨넣다보니 전체적으로는 긴장감이 떨어... "
476,신과 함께1,2017,"판타지, 드라마",10, 관람객 누가 뭐라든 내가 재미있으면 그만.최고였다~!! 
477,신과 함께1,2017,"판타지, 드라마",8, 관람객 진한감동과 코믹이 잘 어울려진 영화~~ 
478,신과 함께1,2017,"판타지, 드라마",8, 관람객 잼있어요 웅장하고 눈물도 나구~~ 인생 잘살아야겟네요 
479,신과 함께1,2017,"판타지, 드라마",10, 관람객 20분지나서부터 봤는데 재밌게 봤음 !!착하게살아야지 ㅠㅠ 
480,신과 함께1,2017,"판타지, 드라마",9, 관람객 그래픽 팀 영혼 갈아 만든 영화. 연기는 김동욱이 다 해먹음. 예고편 만든 사람 혹시 스파이세요? 
481,신과 함께1,2017,"판타지, 드라마",7, 관람객 대부분 좋았는데 후반부까지 가니 CG가 좀 과하고 어색하다. 특히 원귀 폭주씬 등에서 유독 두드러졌다. 그리고 한국영화의 특징이라고 해야할지 상황과 배경에 안맞는 코믹스러운 등장인물들이 몰입도를 매우 해친다. 9점 ... 
482,신과 함께1,2017,"판타지, 드라마",8, 관람객 웹툰이 너무 재미있고 영화와 다른점이 있어 기대 안했는데 재밌고 감동적 이었음특히나 천륜지옥 부분이 제일 가슴 찡하고 눈물샘을 자극함 추천할 만 함 
483,신과 함께1,2017,"판타지, 드라마",10, 관람객 재밌게봤어요. 재밌어요 
484,신과 함께1,2017,"판타지, 드라마",7, 관람객 마지막에 슬프긴한대 하...먼가아쉽다... 
485,신과 함께1,2017,"판타지, 드라마",10, 관람객 믿고보는 차태현 하정우 임팩트있는 이정재김향기랑주지훈도 김동욱까지 완전 원작을 잘살린 영화가끔나오는 지옥의 신들마저 마지막은 눈물로ㅠㅜ 2편 완전기대됩니다~!!! 
486,신과 함께1,2017,"판타지, 드라마",7," 관람객 더할나위 없이 훌륭한 CG, 작정하고 들어난 신파는 성공, 그러나 그외의 구성, 편집, 분장등은 평범, 딱 중학교 2학년이 좋아할 영화 "
487,신과 함께1,2017,"판타지, 드라마",10, 관람객 친구들이랑 같이 가서 봤는데 옆에 앉은 친구는 펑펑 울었다ㅠ지금까지의 삶을 더시 생각하게 된 영화 
488,신과 함께1,2017,"판타지, 드라마",1, 관람객 노잼영화 뻔한스토리 어거지로 관객눈물 쏫아내려는의도 
489,신과 함께1,2017,"판타지, 드라마",1, 관람객 이게 진정 천만 관객 동원 영화?? 어이가 없네요.. 
490,신과 함께1,2017,"판타지, 드라마",3, 관람객 원작을 너무 감명깊게 봐서 만화책도 소장하고 있음하지만 원작을 재미있게 보신 분이라면 실망할 영화 ㅠㅠ보는내내 이게 뭐지.. 이건아니자나.. 싶었음 ㅠㅠ 
491,신과 함께1,2017,"판타지, 드라마",6, 관람객 신파랄까? 전 그냥그랬어요 
492,신과 함께1,2017,"판타지, 드라마",10, 관람객 완전 감동깊게 본 영화입니다 
493,신과 함께1,2017,"판타지, 드라마",10, 관람객 최고의 한국 판타지 영화. 희노애락이 담겨져있는 영화. 
494,신과 함께1,2017,"판타지, 드라마",9, 관람객 중딩 아들 추천으로 봤습니다 사춘기 중딩 아들이 추천했습니다 이런 눈물나는 환타지 가족영화를....무슨말이 필요하겠습니까! 
495,신과 함께1,2017,"판타지, 드라마",10, 관람객 일단 화장하고 가면안됌니다. 느므슬퍼요. 감동좔좔 
496,신과 함께1,2017,"판타지, 드라마",6, 관람객 감동이 있어 좋았지만 원작을 본 입장에서 아쉬움이 많이 남네요드라마로 제작 되었음 더 좋았을듯 합니다ㅠㅠ 
497,신과 함께1,2017,"판타지, 드라마",7, 관람객 생각보다 재밌었어요 ㅋㅋ신피라고 듣고 가서 안울려고 했는데 눈물남 ㅜㅜ 등장인물등 불쌍해요 
498,신과 함께1,2017,"판타지, 드라마",10, 관람객 영화진짜재밌게보고왔어요 완전대박날듯!! 
499,신과 함께1,2017,"판타지, 드라마",9, 관람객 퍼펙트 cg효과 외국영화보는줄 
500,신과 함께1,2017,"판타지, 드라마",8," 관람객 삶에 대해 한 번 쯤 생각하게 되는 영화, 있을때 잘 해야 되겠네요... "
501,신과 함께1,2017,"판타지, 드라마",10, 관람객 재밋습니다 범죄도시이후로 또 정신없이 봤네요.. 눈물뚝뚝 
502,신과 함께1,2017,"판타지, 드라마",9, 관람객 영화보면서 귀엽고 똘망똘망한 여자아이가 누굴까 궁금했는데.. 부산행에 공유 딸로 나왔던 수안이더라고.. 주인공들은 캐스팅때부터 기대했던터라 말할것없고.. 수안이랑 차태현엄마 캐스팅이 넘 좋았음 
503,신과 함께1,2017,"판타지, 드라마",10, 관람객 눈물펑펑쏟으면서 울엇네요ㅠㅠ 
504,신과 함께1,2017,"판타지, 드라마",8, 관람객 영화가 거의 두시간반짜린데 살짝 지루한감 있었지만 주지훈&하정우 케미 ㅋㅋ 재밌었습니다 
505,신과 함께1,2017,"판타지, 드라마",10, 관람객 극장 나오시는 분들 눈물을 얼마나 흘리셨으면 눈이 하나같이 다 충혈되있어요 ㅋㅋㅋㅋ 촌스럽게 영화보고 ㅋㅋㅋ 아예 저처럼 눈이 빨개서 눈병 걸린것처럼 우세요ㅜ 진짜 오랜만에 엉엉 울었습니다. 꼭 보세요. 
506,신과 함께1,2017,"판타지, 드라마",10," 관람객 감동의 또 감동,,차태현 하정우 그리고 차태현 남동생 모두 몰입하고봤습니다 추천 "
507,신과 함께1,2017,"판타지, 드라마",10, 관람객 너무 울어서 영화관 빠져 나올 때 부끄러울 정도네요. 시계를 한 번도 보지 않고 끝까지 몰입해서 본 영화는 정말오랜만입니다. 배우님들 감독님 정말 수고 많으셨습니다. 너무 재밌었습니다. (괜히 남의 팝콘 쓰레기까지도... 
508,신과 함께1,2017,"판타지, 드라마",10, 관람객 한국영화 항상 뻔한 스토리와 자극적인 요소들로 별로 안좋아하는데 진짜 너무 재밌게봤어요김동욱님 연기가 가장 기억에 남아요 진짜 미쳤어요ㅠㅠ 
509,신과 함께1,2017,"판타지, 드라마",9, 관람객 친누나랑 보고왔는데 초반에는 조금 지루하긴헷엇는데 후반부에 몰입도와 폭풍 슬픔으로 펑펑 울었네요 영화를보고 나온후 누나와 나의 자아성찰의시간을 가질수있엇던 좋은 영화였습니다 
510,신과 함께1,2017,"판타지, 드라마",10, 관람객 원작이랑 다른방식으로 감동적이고 인상깊은 영화.. 진짜 너무 생생해서 시간 가는 줄 모르고 봤습니다 
511,신과 함께1,2017,"판타지, 드라마",10, 관람객 인생을 다시 생각해보게 되는 영화! 
512,신과 함께1,2017,"판타지, 드라마",4, 관람객 천만넘는 영화는 아니라고 생각이드네요 
513,신과 함께1,2017,"판타지, 드라마",1, 관람객 마케팅의 힘 정말 대단하다 ㄷㄷ 
514,신과 함께1,2017,"판타지, 드라마",1, 관람객 너무기대한건가...천만넘는영화는 아닌듯... 
515,신과 함께1,2017,"판타지, 드라마",4, 관람객 흠...나에겐 넘나 별로인것 ㅠㅠ 
516,신과 함께1,2017,"판타지, 드라마",10, 관람객 정말 배우하나하나퀄리티가장넌어니였음 
517,신과 함께1,2017,"판타지, 드라마",10, 관람객 정말 재밌습니다~~~~ 
518,신과 함께1,2017,"판타지, 드라마",9, 관람객 호불호 갈릴수있겠지만 참신한 상상력과 신파가 나름잘조화된듯 
519,신과 함께1,2017,"판타지, 드라마",10, 관람객 잘 만드셨네요~~연기도 잘 하시구요~~잘 봤어요~~2편도 기대가 되네요 
520,신과 함께1,2017,"판타지, 드라마",10, 관람객 지난 날을 돌아보게 되는 영화... 
521,신과 함께1,2017,"판타지, 드라마",7, 관람객 연말 가족들이 보기에 무난한 영화 큰기대 없이 보면 좋을꺼 같아요 
522,신과 함께1,2017,"판타지, 드라마",10, 관람객 지루하지않고 재밋습니다 ! 
523,신과 함께1,2017,"판타지, 드라마",10, 관람객 웹툽충들 보지마라 재미있다!!!! 
524,신과 함께1,2017,"판타지, 드라마",10, 관람객 이OO만에 처음으로 혼자본영화ㅡ참 한순간도 다른생각없이 빠져 봤습니다죄를짓지말고 살아야지 하는 생각이 어린아이처럼들게하는영화였습니다ㅡ지난간슬픔에 새로운눈물을보이지말아 내게 하는말같아 눈물이났습니다 ㅡ 
525,신과 함께1,2017,"판타지, 드라마",9, 관람객 하정우잘생김에반하고 차태연연기력에반하고 주지훈의깨방정의반하고 모든이들의연기력에 박수를 쫙쫙쫙!! 
526,신과 함께1,2017,"판타지, 드라마",10, 관람객 딸이랑 같이 보러 갔는데 안울려고 노력했는데 헛수고네요. 여기저기서 훌쩍 거리는 소리가..^^;; 정말 재밌게 봤습니다. 
527,신과 함께1,2017,"판타지, 드라마",10, 관람객 원작의 에피소드와 재해석이 잘 어울어지는 감동코드 영화 끝 무렵 상영관에 훌쩍이는소리만 
528,신과 함께1,2017,"판타지, 드라마",10, 관람객 원작만화도 봤던 사람인데 영화도 재밌음 나중엔 겁나 질질짬 
529,신과 함께1,2017,"판타지, 드라마",7, 관람객 전형적인 감성팔이 영화 원작 모르지만 감성팔이 그 이상은 잘 모르 겠다. 
530,신과 함께1,2017,"판타지, 드라마",1, 관람객 OOO 재미없네 이게 왜 천만임 그리고 평점 좋게준거 다 알바 
531,신과 함께1,2017,"판타지, 드라마",10, 관람객 진짜 최근 본 영화중에 제일 재밌었어요 
532,신과 함께1,2017,"판타지, 드라마",10, 관람객 너무재미있게봤어요 처음에 영화방송을보구 몰랐던 깊은이야기에 눈물이펑펑ㅠㅠ 2탄도 기대됩니다 배우들연기두좋았고요 주지훈 역활이 참잘어울렸어요 
533,신과 함께1,2017,"판타지, 드라마",10, 관람객 40대 남자이고...영화보고 나와서는....눈에 구멍 난줄 알았어요... 너무너무 감명깊게 본 영화고... 온가족 꼭 같이 봐야할 대작이네여.... 너무너무 멋진 영화였어요... 다음 편을 꼭 기다리겠습니다... 
534,신과 함께1,2017,"판타지, 드라마",10," 관람객 CG도 눈에 거슬릴 정도가 아니었고, 오히려 기대 이상 이었다. 차태현의 김자홍 연기는 오차없이 맞아 떨어졌고, 하정우와 주지훈 역시 새로운 강림도령과 혜원맥을 창조해냇다. 사랑스러운 김향기의 덕춘이까지 더해져서 원... "
535,신과 함께1,2017,"판타지, 드라마",10, 관람객 오랜만에 진짜영화다운영화봤네요감동 반전 재미다가추고영화관모든사람들이훌쩍거림ㅋㅋ 
536,신과 함께1,2017,"판타지, 드라마",10, 관람객 눈물은안났지만내용은굿 
537,신과 함께1,2017,"판타지, 드라마",9, 관람객 생각보다 엄청 재미있습니다 약간 억지로 감동 짜 내려는스토리 진행 같은데도 마지막에 짠함ㅠㅠ 그리고 cg효과 엄청남 이때까지 한국영화 cg중 최고인듯 마지막으로 배우들 연기 다 잘함 김향기 성장이 기대됨 그런데 차... 
538,신과 함께1,2017,"판타지, 드라마",10, 관람객 갈때 휴지챙겨가세요 영화보다가 운거 처음임ㅠㅠ 
539,신과 함께1,2017,"판타지, 드라마",9, 관람객 진짜 엉엉 울면서 영화봤네요.재밌었습니다. 
540,신과 함께1,2017,"판타지, 드라마",9, 관람객 재밋어요 눈물 참으려했는데 안되네요 
541,신과 함께1,2017,"판타지, 드라마",10, 관람객 잼있어요 감동도있어요 
542,신과 함께1,2017,"판타지, 드라마",9, 관람객 인생에 대해서 한 번 쯤 생각해보게 하는 영화..특히 인간의 가장 큰 죄는 살아생전 부모님께 제대로 효도하지 못한 것인을 알 수 있는 영화다. 
543,신과 함께1,2017,"판타지, 드라마",10, 관람객 시간가는줄 못르고 정말 잼나게 봐서요 
544,신과 함께1,2017,"판타지, 드라마",9, 관람객 기대 안 하고 봤는데...재밌음!!! 유치하지 않은 CG에 조금놀람! 
545,신과 함께1,2017,"판타지, 드라마",8," 관람객 볼만했음. 뜬금포진행이 많아서 그렇지만, 일단 cg가 화려한맛은 있음 "
546,신과 함께1,2017,"판타지, 드라마",10, 관람객 정말 옆에 아무도 없었으면 통곡할뻔함너무 감동적임이정재 서있는것만으로도 멋지더라다른 배우들도 진짜 잘하심 
547,신과 함께1,2017,"판타지, 드라마",9, 관람객 원작이랑 다르다고해서 기대는 안햇는데 그래도 재밋고 감동적이었어요 
548,신과 함께1,2017,"판타지, 드라마",10, 관람객 재밌어요 두시간넘는영환데 시간가는줄모르고봤어요 
549,신과 함께1,2017,"판타지, 드라마",9, 관람객 방심하다가 눈물났네여..영화 좋네여..!!강추 
550,신과 함께1,2017,"판타지, 드라마",10, 관람객 눈물이가 막나자나ㅜㅜㅜㅜ 
551,신과 함께1,2017,"판타지, 드라마",9, 관람객 볼만함 다음편 기대됨 ㅋ 
552,신과 함께1,2017,"판타지, 드라마",9," 관람객 볼만하네요.!,’ㅌㅍ "
553,신과 함께1,2017,"판타지, 드라마",10, 관람객 나의 41년 살아온 인생에 많은 생각이 들은 영화입니다.. 
554,신과 함께1,2017,"판타지, 드라마",10, 관람객 재미있었습니다정말루 
555,신과 함께1,2017,"판타지, 드라마",8, 관람객 슬퍼서 울었다는...앤딩이 웃겨..한국영화도 너무 재미 있다.^^ 
556,신과 함께1,2017,"판타지, 드라마",10, 관람객 김동욱눈물연기에 내눈물을 참을수가없었다.... 
557,신과 함께1,2017,"판타지, 드라마",10, 관람객 으헝헝 너무 슬펐어요 눈물이 펑펑 
558,신과 함께1,2017,"판타지, 드라마",9, 관람객 꼭보세요 굿 눈물참았내ㅋ 
559,신과 함께1,2017,"판타지, 드라마",8, 관람객 웹툰을 안 보고 봐서 그런진 몰라도 흥미진진한 편입니다...잔잔한 장면은 잘없으니 멀미주의 
560,신과 함께1,2017,"판타지, 드라마",10, 관람객 천만관객 우습다에 한표던집니다.최고의 영화ㅎㅎ 
561,신과 함께1,2017,"판타지, 드라마",10, 관람객 완전 최고였습니다 매순간마다 눈을 땔수가 없었네요 
562,신과 함께1,2017,"판타지, 드라마",10, 관람객 슬픈건지 모르고 봤는데 ㅠㅠ 너무 슬프네여부모님한테 잘해즈려야겠어용ㅋㅋ 
563,신과 함께1,2017,"판타지, 드라마",8, 관람객 어 정말 눈물을 쏙빼게 만드는 영화였습니다! 
564,신과 함께1,2017,"판타지, 드라마",9, 관람객 재밌있게 보고 갑니다 ㅋㅋ 
565,신과 함께1,2017,"판타지, 드라마",9, 관람객 뛰어난 그래픽 처리도 좋았지만감동적인 내용도 좋았습니다.갠찮은 영화입니다. 
566,신과 함께1,2017,"판타지, 드라마",10, 관람객 하 너무 재미있는 인생 영화 웹툰과 내용이달라 재미없을거라 생각했는데 너무나 재밌는영화였다 
567,신과 함께1,2017,"판타지, 드라마",1, 관람객 왠만하면 이런거 안쓰는데.... 유치해도 너무 유치하고 재미없어서 별점1개 미만은 없어서 1개줍니다 
568,신과 함께1,2017,"판타지, 드라마",5, 관람객 집중이 되는듯 하다가도 중간중간 너무나 재미없는 액션신때문에 맥이 끊기고... 또 군인 스토리가 너무너무 지루하기 짝이 없습니다 7관문 관장신들과의 내용만 재밌다면 재밌었습니다... 2편이 차라리 코믹쪽으로 더 재밌... 
569,신과 함께1,2017,"판타지, 드라마",2, 관람객 보는 내내 졸려 죽는줄 알았음... 
570,신과 함께1,2017,"판타지, 드라마",2, 관람객 원작의 분위기를 살려내지 못했고스토리가 중구난방으로 따로 논다.그리고 역시나 등장해주는 지겨운 가족애 감동씬 
571,신과 함께1,2017,"판타지, 드라마",3, 관람객 유치하다...마지막에 억지로 눈물 짜내기 
572,신과 함께1,2017,"판타지, 드라마",6, 관람객 에잇... 생각보단 별로였음 별 세 개는 우리나라 컴퓨터 그래픽의 미래를 향한 투자의 의미임 
573,신과 함께1,2017,"판타지, 드라마",9, 관람객 보통 한국영화 cg나오면 헛웃음 나오거나 빵터지거나 둘중 하나였는데 생각보다 cg가 어색하지 않아서 놀랐어요ㅋㅋ 입틀어막고 울정돈 아니었으나 나름 재밌게 잘 봤습니다. 한국에서 이런 영화 잘 없었는데 신선하고 좋았어... 
574,신과 함께1,2017,"판타지, 드라마",10, 관람객 영화를 보고 원작을 꼭 읽어봐야겠다고 생각했어요~ 특수효과가 정말 멋있었고 연출과 연기가 감동이었습니다 ㅠ 
575,신과 함께1,2017,"판타지, 드라마",10, 관람객 재미없다면서 울고있음 ㅋㅋㅋ 
576,신과 함께1,2017,"판타지, 드라마",6," 관람객 또 낙겼네 낙겼서! 아 나참, 우습네 그냥!전설의 고향도 아니고 이거 참. "
577,신과 함께1,2017,"판타지, 드라마",2, 관람객 역대 최악의 영화중 하나 
578,신과 함께1,2017,"판타지, 드라마",5, 관람객 기대하고 손수건준비했는데 별로 
579,신과 함께1,2017,"판타지, 드라마",5, 관람객 전 별루크게 재미를못느낌 
580,신과 함께1,2017,"판타지, 드라마",5, 관람객 막 재미있지도 않았고 그렇다고 보고 나서 괜히 봤다 싶지도 않았습니다. 우리나라에서도 영상미 좋은 판타지 영화가 나온것에 대해 만족합니다만. 스토리는 조금 지루하지 않았나 싶습니다. 
581,신과 함께1,2017,"판타지, 드라마",3, 관람객 그냥 그냥 그런영화.. 
582,신과 함께1,2017,"판타지, 드라마",6, 관람객 ..그냥 그랬어요 딱히 엄청 재밌지않았음 
583,신과 함께1,2017,"판타지, 드라마",5, 관람객 너무 스토리가 삼천포로...감정적인부분은 잘 끌어냈지만 부제가 왜 죄와벌인지 헷갈리게 만들어요 
584,신과 함께1,2017,"판타지, 드라마",6, 관람객 냉정한 평가도 필요해 보입니다. 사실 스토리면에서는 동화책수준을 벗어나지 못했고 유사 스토리도 1000개도 넘을겁니다. 영화 촬영기술의 진일보에는 한표 던집니다 
585,신과 함께1,2017,"판타지, 드라마",6, 관람객 무난한 킬링타임용 영화 
586,신과 함께1,2017,"판타지, 드라마",10, 관람객 도경수 연기 넘 잘해요 흑흑글고 김동욱배우님 오랜만에 스크린에서 뵈어서 넘 조았어용 
587,신과 함께1,2017,"판타지, 드라마",6, 관람객 원작을 잘 각색했지만 너무 신파극이었다 
588,신과 함께1,2017,"판타지, 드라마",2," 관람객 억지스러운 신파에 뻔한 전개, 불필요한 개그까지 별로엿습니다..1점 주려다가 김동욱 배우님 연기가 생각나서 2점 드립니다 "
589,신과 함께1,2017,"판타지, 드라마",2, 관람객 유치하지만 하정우 멋있어요 ㅋㅋ 
590,신과 함께1,2017,"판타지, 드라마",3, 관람객 CG 3점스토리 0점내가 제일 싫어하는 7번방의 선물 st내용에 몰입이 한 순간도 된 적이 없습니다 그만큼 뚝뚝 끊기는 영화크리스마스 이브에 한 가장 최악의 행동 : 신과함께 본 것 
591,신과 함께1,2017,"판타지, 드라마",10, 관람객 부모님 모시고 가길 추천드리지만 부모님과 자리는 멀찌감히 떨어뜨려서 앉는걸 추천드려요^_^* 
592,신과 함께1,2017,"판타지, 드라마",3, 관람객 웹툰은안봤고 영화순위보고 궁금해서 봤는데 개인적으로 지루했네요 마지막 억지눈물 짜내려고 하는느낌이 강했습니다. 재판하는 과정을 조금더 재미있게 풀어갔으면 하는 아쉬움이 남는 영화였네요. 
593,신과 함께1,2017,"판타지, 드라마",6, 관람객 주위평을듣고 기대에부풀어봣는데.. 억지로눈물짜내기더라구요 마지막 그분등장에 웃고갑니다 
594,신과 함께1,2017,"판타지, 드라마",6, 관람객 음 그냥... 중간중간 울컥한씬 빼곤 cg가 좀 중국영화 같았네요. 마지막에 군대안에서 갑자기 분노한 주인공동생씬 같은경우는 좀 산으로 간듯한 느낌.. 
595,신과 함께1,2017,"판타지, 드라마",9, 관람객 특수효과 뛰어나고 넘 울었네요. 다시금 생각하게 하는 영화 
596,신과 함께1,2017,"판타지, 드라마",5, 관람객 그냥 딱히 재밌진 않습니다ㅔ 
597,신과 함께1,2017,"판타지, 드라마",3, 관람객 울긴 울었는데 그냥 그래요... 
598,신과 함께1,2017,"판타지, 드라마",8, 관람객 오랫만에 영화관나들이 후회없이 잘보고왔어요 ㅎㅎ처음부터 울리더니 마지막에 대성통곡하고 시원하게 울고웃고나왔어요ㅎ 그리고 캐스팅 너무 잘한거 같아요~!! 웹툰보고봐도 재밌고 안보고봐도 재밌는영화!! 
599,신과 함께1,2017,"판타지, 드라마",10, 관람객 간간히 웃긴장면도 있었지만 너무 슬퍼요ㅠㅠ 
600,신과 함께1,2017,"판타지, 드라마",8, 관람객 초반부에 스토리가 좀 유치한감이 있었지만 영화 완성도는 높네요 
601,신과 함께1,2017,"판타지, 드라마",9, 관람객 재미있습니다. 영화 스케일도 크고 우리나라 cg도 와우하고 감탄합니다. 관객천만은 무난히 넘을듯~ 
602,신과 함께1,2017,"판타지, 드라마",9, 관람객 전부 재미 있었습니다 그리고 중간중간 등장하는 배우분들 찾는 재미도! 
603,신과 함께1,2017,"판타지, 드라마",10, 관람객 2편 기대합니당! 블리블리마블리 ㅋㅋㅋㅋ 
604,신과 함께1,2017,"판타지, 드라마",10, 관람객 너무 재밌게 울면서 웃으면서 봤습니다 최고에요 
605,신과 함께1,2017,"판타지, 드라마",10," 관람객 웹툰이 있는지도, 뭔지도 모르고 온가족이 가서 본 영화!저흰 기대 이상,너무 재미밌게 보았어요주연들...연기력들이 너무 휼륭하시네요~♡관심병사로 나오는 디오는 아이돌 같지 않게 연기력이 휼륭하네요 소름~~ㅎ영화 뒷... "
606,신과 함께1,2017,"판타지, 드라마",10, 관람객 역대급 인생영화 ..! 볼거리도 많고 재미도 있고 감동까지출연진도 대박 연기파들만 출동 생동감 넘치고 2시간을 빠져서 봤어요 영화 자체가 고퀄인데 내용마저 빵빵 둘째 수홍이가 너무 안됐어 착한 사람들 천사들 
607,신과 함께1,2017,"판타지, 드라마",9, 관람객 가끔 좀 너무 감정 이끌어내려고 하는 부분이 걸리긴했지만 씨쥐도 나름 괜찮았고 웹툰이랑 좀 다르지만 새롭게 해석한 부분도 좋았습니다 
608,신과 함께1,2017,"판타지, 드라마",10, 관람객 웹툰 원작보다 잘만든 영화 첨봄진심 오랜만에 진짜 영화봤습니다주위에 꼭보라고 추천하고싶음 
609,신과 함께1,2017,"판타지, 드라마",10, 관람객 원작을봐서그런지 많이담으려는게 보엿어요 많이다른이야기가되긴햇지만 너무재밋었어요!! 
610,신과 함께1,2017,"판타지, 드라마",10, 관람객 재밌게잘봤네요.재미와감동둘다좋았습니다.천만이상을기대해봅니다... 
611,신과 함께1,2017,"판타지, 드라마",1, 관람객 진짜 재미없다 ..ㅇㅇㅇ 
612,신과 함께1,2017,"판타지, 드라마",5, 관람객 기대를너무많이했나... 
613,신과 함께1,2017,"판타지, 드라마",4," 관람객 천만영화 는 아닌듯 , 나만 빼고 주변 분들은 울긴함 "
614,신과 함께1,2017,"판타지, 드라마",5, 관람객 그저그랫어영 엄청기대를해서그런가 
615,신과 함께1,2017,"판타지, 드라마",3, 관람객 별루...노잼으로가다 마지막20분 슬프게 하려고 발악함 
616,신과 함께1,2017,"판타지, 드라마",6, 관람객 CG를 빼고 나면 별로.스토리 라인이 약하다. 
617,신과 함께1,2017,"판타지, 드라마",3, 관람객 모든게 구림.. 씨지나 개연이나 눈물짜내는 헌신의 희생이나 그냥 대사 한줄 한줄 싼티나고 구려 그냥.. 마지막 둘째아들 연기력 제외하면 리얼 1점 줌.. 영화관 나가고싶었음. 심지어 내옆에 분들 중간에 나가서 안들어... 
618,신과 함께1,2017,"판타지, 드라마",10, 관람객 인생 잘 살아야겠다.. 혀 안뽑힐라믄 ㅠㅠ 
619,신과 함께1,2017,"판타지, 드라마",10, 관람객 재미있었어용ㅋㅋ씨쥐가대박 
620,신과 함께1,2017,"판타지, 드라마",9, 관람객 웹툰과는 약간 다르지만 그래도 너무 재미있었습니다..^^ 약간 개연성이 떨어지는 부분이 있었지만 그래도 두시간의 시간동안 알차게 담았다는 느낌을 받았습니다 
621,신과 함께1,2017,"판타지, 드라마",10, 관람객 마지막은 정말 감동이였어요 ?? 
622,신과 함께1,2017,"판타지, 드라마",8, 관람객 굿잼나네요 마지막에 좀 슬프고 
623,신과 함께1,2017,"판타지, 드라마",10, 관람객 너므재미잇습니다 액간루즈하지맘 
624,신과 함께1,2017,"판타지, 드라마",9, 관람객 재밌어요~ 믿고보는배우들이 많이 나와 좋았구요~잔잔한 코믹요소도 군데군데있어 웃을수있었고마지막엔 눈물콧물까지~ 씨지보는재미도 쏠쏠한~~다재다능한 영화한편보았네요~~^^별을반개뺀건....빵터지는웃음은 없었기에....ㅎ... 
625,신과 함께1,2017,"판타지, 드라마",9, 관람객 재밌었어요ㅋㅋㅋㅋ뭔가약간 평범하진않지만 재밌듬 
626,신과 함께1,2017,"판타지, 드라마",10, 관람객 개꿀잼 캐스팅도 너무맘에들고 내용도 너무좋고 기대햇는데 기대이상이다 bb 한번더봐야지 
627,신과 함께1,2017,"판타지, 드라마",8, 관람객 시간 길어서 지루함과 집중안대는 면두있었지만 넘 재밌게보고 슬퍼서 눈물콧물 뺐어요옹 
628,신과 함께1,2017,"판타지, 드라마",10, 관람객 재미있어요~~^^ 끝무렵에는 눈물이 뚝뚝 계속흘러 혼났엉ㆍ느 
629,신과 함께1,2017,"판타지, 드라마",10, 관람객 어마어마한 캐스팅에 놀라고 내용 전달력에 두번놀랍니다.. 여러번 울었네요좋은영화 감사합니다♡(영화 리뷰 처음써봄..ㅎ) 
630,신과 함께1,2017,"판타지, 드라마",10, 관람객 한국판 나니아연대기.감동과 판타지의 조화가 적절하다. 
631,신과 함께1,2017,"판타지, 드라마",9, 관람객 원작 안본사람으로서 평하자면 유머나 스토리등등 그냥그랬고 신파도 예상했던 그대로였지만 김동욱씨 눈물연기땜에 목이메임..7점줄꺼 9점! 
632,신과 함께1,2017,"판타지, 드라마",10, 관람객 잼께 잘봤어요 마지막감동적임 누구라도 울수밖에없는. 
633,신과 함께1,2017,"판타지, 드라마",10, 관람객 이거보고 내 과거를.되돌이켜보게 되는거 같다 다시봐도 지루하지는 않을거 같다그리고 살아있을때 부모님한데 효도하고 잘해드려야겠다죽고난후에 반성하지말고.. 
634,신과 함께1,2017,"판타지, 드라마",8, 관람객 전개가 조금은 빠른 느낌이지만 탄탄한 스토리로 몰입해서 봤습니다 씨지도 자연스럽고 화려해서 볼거리가 많은 영화입니다 
635,신과 함께1,2017,"판타지, 드라마",1, 관람객 제대로 낚인 기분이다.스토리가 산만하고 보기에 역겨운 부분이 있다. 
636,신과 함께1,2017,"판타지, 드라마",1," 관람객 영화가 너무 형편없어서 일부러 평점을 찾아보게 되네요- 스토리, 캐릭터 모든것이 유치하기 짝이없음. 돈도 시간도 아깝습니다 "
637,신과 함께1,2017,"판타지, 드라마",6, 관람객 기대를 너무 많이했나보다.... 
638,신과 함께1,2017,"판타지, 드라마",10, 관람객 재미있어요.감동도있고스토리도죠코.후반부에많이울었어요 
639,신과 함께1,2017,"판타지, 드라마",8, 관람객 원작과는 다르지만 볼만합니다. 
640,신과 함께1,2017,"판타지, 드라마",10, 관람객 재밌게 봤습니다. 속편도 기대됩니다. 
641,신과 함께1,2017,"판타지, 드라마",7, 관람객 방금밀양시네마혼자보고나왔네요ㅡ.ㅡ음 여성분들 울음소리많이들리더군요어머니와의 재회장면에서요전반적으로 괜찮았었고열심히 착하게 남에게피해안주며 살아야겠다는마음도들었고 지금까지살아온나의인생을되돌아보게하는영화였네요 
642,신과 함께1,2017,"판타지, 드라마",10, 관람객 특별출연 이정재 거진 조연급이다 
643,신과 함께1,2017,"판타지, 드라마",9, 관람객 원작과다르지만 재밌네요 
644,신과 함께1,2017,"판타지, 드라마",9, 관람객 재미있게 봤고 CG기술력 
645,신과 함께1,2017,"판타지, 드라마",10, 관람객 슬프기도하고 재밌었어요^^ 
646,신과 함께1,2017,"판타지, 드라마",7, 관람객 재미있었고 가족들이랑 보기 좋은 영화였지만 조금 뻔한 전개였구...그리고 웹툰을 보기전에 영화를 먼저 보길바란다. 물론 이미 완전 다른 스토리라는걸 알고는 있었지만 스토리의 탄탄함이 웹툰이 더 강하기때문에 비교되는걸... 
647,신과 함께1,2017,"판타지, 드라마",10, 관람객 흑흑 휴지한통 다썻넹ㅜㅜ 
648,신과 함께1,2017,"판타지, 드라마",10, 관람객 눈물이 계속 났어요마음속에 여운이 오래 남네요 
649,신과 함께1,2017,"판타지, 드라마",8, 관람객 좀지루한감 잇고 슬프기도하고 재밌기도하고 
650,신과 함께1,2017,"판타지, 드라마",9, 관람객 재미와 감동이네요 많은걸 느끼게많드네요 굿 
651,신과 함께1,2017,"판타지, 드라마",10, 관람객 재밌게 잘봤습니다~~ 
652,신과 함께1,2017,"판타지, 드라마",8, 관람객 한국 cg가 이렇게 잘만들줄 몰랐습니다!!!진짜대박!!스토리도 끝내주고 몰입감이 쩌네요ㅎㅎ 
653,신과 함께1,2017,"판타지, 드라마",10, 관람객 너무 재밋었습니다 신선해요 굿 
654,신과 함께1,2017,"판타지, 드라마",10, 관람객 남편이랑 보며 둘이 엄청 울었다ㅜㅜ... 
655,신과 함께1,2017,"판타지, 드라마",1, 관람객 진짜 별로ㅠㅠ 돈아까움 
656,신과 함께1,2017,"판타지, 드라마",10, 관람객 김동욱 배우님.. 연기 최고 영화 너무 감동적입니다..2부 빨리 보여주세요~~~ 
657,신과 함께1,2017,"판타지, 드라마",10, 관람객 재밌었습니다:)! 오랜만에 정말 펑펑 울었네요 하하하ㅏ 
658,신과 함께1,2017,"판타지, 드라마",9, 관람객 씨지가 참 좋네요~우리나라영화많이 발전되었네요~ 
659,신과 함께1,2017,"판타지, 드라마",10, 관람객 정말 정말 잼났어요 울다가 웃다가 감동의 쓰나미 간만에 정말 잼나고 알찬 영화 봤네요 
660,신과 함께1,2017,"판타지, 드라마",10, 관람객 마지막 장면에 슬퍼서 울었네요.주변에 추천하려구요 
661,신과 함께1,2017,"판타지, 드라마",10, 관람객 정말 재미있었어요! 이 영화를 추천합니다! 
662,신과 함께1,2017,"판타지, 드라마",10, 관람객 잘 봤습니다 :) 열자이상 
663,신과 함께1,2017,"판타지, 드라마",10, 관람객 웹툰은 안봤지만 굉장히 재미있습니다 
664,신과 함께1,2017,"판타지, 드라마",10, 관람객 조금 슬프지만 재밌어요 
665,신과 함께1,2017,"판타지, 드라마",8, 관람객 슬픕니다... 너뮤너무너무너무 
666,신과 함께1,2017,"판타지, 드라마",8, 관람객 피곤했는데도 재믿게봤어요 볼만합니다ㅎ 
667,신과 함께1,2017,"판타지, 드라마",8, 관람객 원작에 비해 좀 그렇지만 김동욱씨 연기가 정말 좋았네요 마지막엔 눈물이 났습니다~2편 이승편도 정말 기대됩니다~~! 
668,신과 함께1,2017,"판타지, 드라마",10, 관람객 너무재밌어요또보러갈꺼예요! 
669,신과 함께1,2017,"판타지, 드라마",8, 관람객 눈물이 계속나는 영화.. 
670,신과 함께1,2017,"판타지, 드라마",10, 관람객 재미잇어요** 꼭 들 한번씩 보세요 ㅋㅋㅋ 
671,신과 함께1,2017,"판타지, 드라마",10, 관람객 재밌용ㅇ ㅠㅠ으악아ㅏ가아가아ㅏ 
672,신과 함께1,2017,"판타지, 드라마",10, 관람객 진짜 재미.감동.액션 빠짐없이 너무 재밋게봣습니다ㅠㅠ배우 한분한분 연기가 너무 좋앗어요 완전짱!!!! 
673,신과 함께1,2017,"판타지, 드라마",10, 관람객 전 전개가 빠르고 개성있었서 관객으로써 시간 가는 줄 몰랐으며 개인적이지만 가슴이 뭉클했습니다감동가 스펙타클과 가족애를 동시에 늘낄 수 있는 좋은 영화였습니다정말 좋은 작품을 보게되어 영광 이었습니다 
674,신과 함께1,2017,"판타지, 드라마",10, 관람객 굿굿 생각보다 cg 거부감 없었음 
675,신과 함께1,2017,"판타지, 드라마",10," 관람객 코믹하고 재미있었는데, 마지막에 김동에물결이 ㅜ 너무나 많이 눈물이 나서 참을수가 없었어요.차태현 정말 연기잘하는거같아요.웹툰원작이라고 들었는데, 2편이 또 나왔으면 좋겠어요 정말 너무너무 잼있었어요!! "
676,신과 함께1,2017,"판타지, 드라마",9, 관람객 재밌었어요 하정우잘생김 
677,신과 함께1,2017,"판타지, 드라마",10, 관람객 ㄹㅇ 존잼 입니다 ㅠㅠㅠㅠ 개슬퍼요 
678,신과 함께1,2017,"판타지, 드라마",10, 관람객 완잔 재미있어요 짱!! 추천!!! 
679,신과 함께1,2017,"판타지, 드라마",7, 관람객 초반 웅장한 cg로 기대감을 높였는데 뒤로 가면 갈수록 지루해지다가 감동부분이 생기는 기분이네요. 전반적으로 괜찮은 영화입니다! 다음 후편도 기대되네요! 
680,신과 함께1,2017,"판타지, 드라마",1, 관람객 모르겠음 내가싸이코패스인가 
681,신과 함께1,2017,"판타지, 드라마",4, 관람객 애들이 ...봐야 할거 같기도 하고...너무 기대 했나 
682,신과 함께1,2017,"판타지, 드라마",5, 관람객 토네이도만 안돌렷어도 괜찮앗을텐데 
683,신과 함께1,2017,"판타지, 드라마",9, 관람객 펑펑 울다 나왔습니다.혼자 보기 참 좋은 영화였습니다. 
684,신과 함께1,2017,"판타지, 드라마",9, 관람객 웹툰을 안본 상태에서 봤는데마지막에 한방도 있고 끝까지 집중하면서볼 수 있었던 영화 잼잼 
685,신과 함께1,2017,"판타지, 드라마",10, 관람객 첫번째도폭풍눈물 두번째도역시나폭풍눈물 극장아니였음 목놓아울었다진짜 
686,신과 함께1,2017,"판타지, 드라마",10, 관람객 생각보다 디게 재밋고 지루한거 전혀 없었어요 하정우형님 먹방으로 시작해서 터졌네요ㅎ액션머싯었어용 
687,신과 함께1,2017,"판타지, 드라마",10, 관람객 마지막 클라이막스에서 울음 터졌어요 ㅠㅠ 처음엔 아 괜찮네 하고 봤는데 마지막에 너무 슬펐어요 진짜루 눈물이 안나올수없는 영화더라구요 추천합니당 최고 
688,신과 함께1,2017,"판타지, 드라마",10, 관람객 말이 필요없다 놓치지마라.. 
689,신과 함께1,2017,"판타지, 드라마",9, 관람객 재밌어요!! 예고편땜에 안보려고 했었는데 기대이상이예요 
690,신과 함께1,2017,"판타지, 드라마",10, 관람객 재미있게 봤음. 10자 
691,신과 함께1,2017,"판타지, 드라마",10, 관람객 원작비교하지마시고 그것을모티브로만잡고보세요 처음부터 끝까지 펑펑울고나왔습니다올해 국내의 최고의 영화입니다 
692,신과 함께1,2017,"판타지, 드라마",9, 관람객 스토리와 감동이 있는 영화네요~ 
693,신과 함께1,2017,"판타지, 드라마",6, 관람객 유치하지만 꿀잼 틈틈히 감동오 있고 괜찮앗다 
694,신과 함께1,2017,"판타지, 드라마",1, 관람객 별로재미없었어요!! 
695,신과 함께1,2017,"판타지, 드라마",9, 관람객 영화관 들어갈 때 휴지 챙겨들어가세요 
696,신과 함께1,2017,"판타지, 드라마",10, 관람객 재미와 감동이 가득한영화. 오랜만에 만난 멋진영화였어요! 강추!! 
697,신과 함께1,2017,"판타지, 드라마",10, 관람객 일단 대박~ 웃다가 울다가 짠내나는 영화~다시금 부모님을 생각나게하고 내 지난 잘못을 돌이켜보는 영화인듯~ 진짜 간만에 재밌는 영화였어요~가슴에 오래 남을듯~ 
698,신과 함께1,2017,"판타지, 드라마",10, 관람객 재미도감동도최고 연기도최고 
699,신과 함께1,2017,"판타지, 드라마",10, 관람객 꼭 보세요 재미눈물감동 다 갖고 있음 간만에 원작만큼 하는 영화입니다 
700,신과 함께1,2017,"판타지, 드라마",9, 관람객 영화가빈틈없이 한장면한장면 다 잘찍은거같아용 :) 
701,신과 함께1,2017,"판타지, 드라마",1, 관람객 개인적으로는 별로였습니다 
702,신과 함께1,2017,"판타지, 드라마",6, 관람객 눈물보다 하품이 좀더 마니나옴 CG는 좋아졌으나 연출이 삼류영화같음 
703,신과 함께1,2017,"판타지, 드라마",3, 관람객 비싼돈 들여 만든 영화치고 내용이 없음 
704,신과 함께1,2017,"판타지, 드라마",10, 관람객 간만에 재밌는 한국영화봤습니당 
705,신과 함께1,2017,"판타지, 드라마",10, 관람객 진짜 씨지ㄷㄷ 빨려들어갈뻔 
706,신과 함께1,2017,"판타지, 드라마",10, 관람객 볼만했어요 김동욱 연기잘함 
707,신과 함께1,2017,"판타지, 드라마",1, 관람객 글쎄요 억지로 눈물짜내는 부분은 좀 없었으면.. 
708,신과 함께1,2017,"판타지, 드라마",10, 관람객 웹툰그대로살릴려고했던갓같아요~너무재미있었고 마지막 엄마꿈에 나오는장면은 정말 슬퍼서 펑펑울었습니다 
709,신과 함께1,2017,"판타지, 드라마",9, 관람객 잘봤습니다 지루하지도 않고 재밌고 감동적이네요 
710,신과 함께1,2017,"판타지, 드라마",1, 관람객 좋아여ㅋ잘봣어용ㅋㅎ 
711,신과 함께1,2017,"판타지, 드라마",3, 관람객 저는 그냥그랬어요 그냥 그랬네요.. 
712,신과 함께1,2017,"판타지, 드라마",1, 관람객 진짜별루였어요진심 
713,신과 함께1,2017,"판타지, 드라마",1, 관람객 존니 환상 잼있다 존니 욕나오네 
714,신과 함께1,2017,"판타지, 드라마",6, 관람객 CG는 볼만했다. 신파는 조금 과하다. 
715,신과 함께1,2017,"판타지, 드라마",5, 관람객 전 생각보다 별로였어요 
716,신과 함께1,2017,"판타지, 드라마",4," 관람객 눈물날까봐 걱정했는데, 생각보다 별루임 "
717,신과 함께1,2017,"판타지, 드라마",6, 관람객 전형적인 한국영화의 신파 좀 덜햇다면... 
718,신과 함께1,2017,"판타지, 드라마",6," 관람객 볼거리는 많은데 내용은 없는 영화별 감동도없고 그냥 이런사람의 이런얘기 지옥 신 이런 볼거리, 이정재 잘생긴거 끗 "
719,신과 함께1,2017,"판타지, 드라마",3, 관람객 그렇게재밌는거까진.. 
720,신과 함께1,2017,"판타지, 드라마",5, 관람객 캐스팅은 화려했으나 전개된 스토리가 없어 아쉬웠어요 
721,신과 함께1,2017,"판타지, 드라마",3," 관람객 그닥.,.,.,.,.,., "
722,신과 함께1,2017,"판타지, 드라마",10, 관람객 어무이가 재밌었다고 하심 
723,신과 함께1,2017,"판타지, 드라마",8, 관람객 재미있게 잘봤어요. 다음편 기대되요. 천륜지옥 안가게 어른들께 잘해야겠어요.^^ 
724,신과 함께1,2017,"판타지, 드라마",10, 관람객 너무 재미있었어요. 신과함께 웹툰도 그렇지만 영화도 정말 생각을 많이하게 되는 계기가 되었어요!! 정말 잘 봤습니다!! 
725,신과 함께1,2017,"판타지, 드라마",8, 관람객 호불호가 있길래 기대 안하고 억지 슬픔 싫어해서 안울줗 알았는데 개울음 
726,신과 함께1,2017,"판타지, 드라마",8, 관람객 아이들이더신나게봤어요너무재밌었습니다 감동도있구요 
727,신과 함께1,2017,"판타지, 드라마",8, 관람객 ㅠ 눈물이멈추지않아요.오랜만에 좋은영화봤네요~가족들생각에 가슴이벅차 마음이아프네요 
728,신과 함께1,2017,"판타지, 드라마",8, 관람객 잘~~살자..나중에 후회하지말고.. 
729,신과 함께1,2017,"판타지, 드라마",6, 관람객 졸았어요 너무 딘 영화인듯 
730,신과 함께1,2017,"판타지, 드라마",3, 관람객 너무유치하고 흐지부지하네요 
731,신과 함께1,2017,"판타지, 드라마",10, 관람객 동생이 법관쓰고 어머니 꿈에 현몽했을때 참았던 오열을 시원하게 한 영화 
732,신과 함께1,2017,"판타지, 드라마",4, 관람객 그렇게 잼있지않은데 이게 왜 이렇게 인기가 있는걸까.. 
733,신과 함께1,2017,"판타지, 드라마",4, 관람객 되게 그냥 그렇던데. 그냥 왜 천만인지모르겟음 그냥 볼만함 하정우가 멋있고 주지훈이 잘생겼고. 김향기는 연기잘함. 
734,신과 함께1,2017,"판타지, 드라마",6, 관람객 도대체 이런영화가 이렇게 인기있는지 이해가 안됨 유치해 죽는줄 돈 아까운것보다 시간아까와서 속상했음 ㅠ 
735,신과 함께1,2017,"판타지, 드라마",10," 관람객 재미있어요. 신파다, 씨지가 진짜 별로아, 배우들 연기 못하다. 이런 혹평을 듣고 갔는데 다들 잘하더라고요. "
736,신과 함께1,2017,"판타지, 드라마",5, 관람객 진심 스토리라인이 넘 구리고 진부하며 예상가능하다. 별다섯개는 배우님들에게 드림 ... 
737,신과 함께1,2017,"판타지, 드라마",4, 관람객 왜 천만 넘었는지 정말 모르겠는 영화 ㅠ 하도 주변에서 슬프고 감동적이다 해서 내가 너무 기대가 높아서 더 그랬는지 별로였음... 모성애를 자극해서 슬프게하는 작위적인 느낌..? 하정우 연기는 좋았음 
738,신과 함께1,2017,"판타지, 드라마",2, 관람객 얼굴에 크로마키 반사돼서 초록색 그대로 보이고 저승에서의 심판을 통과하는 과정은 1도 없고 그냥 지나가기에 급급엄마는 항상 불쌍하고 희생하는 존재 
739,신과 함께1,2017,"판타지, 드라마",5, 관람객 천만 영화는 아닌듯... 스토리는 신선햇음 
740,신과 함께1,2017,"판타지, 드라마",9, 관람객 처음에 배우들의 연기력이 안좋다는 평에 기대안하고봤는데 영화 몰입에 방해되지 않을정도였다 씨지굿 눈물펑펑 
741,신과 함께1,2017,"판타지, 드라마",10, 관람객 슬프면서 재밌었어요 배우들이 연기를 잘해서 더 젛았어요 
742,신과 함께1,2017,"판타지, 드라마",7, 관람객 다들 지옥부터 가는것인가~~ 
743,신과 함께1,2017,"판타지, 드라마",6, 관람객 좀 유치하다는 생각.. 지루하기도 하고 
744,신과 함께1,2017,"판타지, 드라마",5, 관람객 Cg는 볼만했으나 스토리는 정말 억지유치 
745,신과 함께1,2017,"판타지, 드라마",7, 관람객 웹툰에 모티브만 따온 것 뿐.. 웹툰 생각하고 보면 안됨. 배우들의 연기에 점수를 
746,신과 함께1,2017,"판타지, 드라마",3, 관람객 솔직히 너무 기대했나봅니다 .오랜만에 영화 잘 안보시는 부모님 모시고 본 영화인데 너무 지겨우시다고 영화 제가 느끼기에도 지겹고 튼재미 못느쎴어요...출연자들은 다들 연기잘하는 사람들만 나오는데 소재도 좋은데 전체적... 
747,신과 함께1,2017,"판타지, 드라마",3, 관람객 저는 그냥 재미없어서 나올뻔 했습니당쪼끔 유치한느낌....?근데 마지막에 참 슬프고 연기자들 연기 대단하시공ㅎ 
748,신과 함께1,2017,"판타지, 드라마",5, 관람객 배우들 개개인의 연기는 좋았으나 사공이 많이니 어수선하고 집중하기 힘들게 하는 부분이 있었다. 영화보다 화장실가기는 처음이다. 
749,신과 함께1,2017,"판타지, 드라마",3, 관람객 웹툰을보고 영화를 봐서 그런지 별로였어요 
750,신과 함께1,2017,"판타지, 드라마",5, 관람객 롯데 갬성이 너무 잘 묻어나서 놀랐음 억지 감동에 심지어 중간엔 좀 지루하기까지... 
751,신과 함께1,2017,"판타지, 드라마",6, 관람객 너무기대해서인지 별로~ 
752,신과 함께1,2017,"판타지, 드라마",9, 관람객 김동욱이 연기가 최고였다 역시였다 
753,신과 함께1,2017,"판타지, 드라마",5, 관람객 그냥 뻔한 스토리영화네요.. 마지막에 울긴울었는데 솔찍히말하면 개인적으로 영화가 쫌 유치한거같아요 
754,신과 함께1,2017,"판타지, 드라마",7, 관람객 그냥 그래요...좀 지루했어ㅛ 저는 
755,신과 함께1,2017,"판타지, 드라마",9, 관람객 연기 줄거리 다 좋았고 원작은 반 정도..? 비슷한 거 같지만 재밌었어요!!!! 
756,신과 함께1,2017,"판타지, 드라마",8," 관람객 가족과함께보면좋을듯,..ㅎ "
757,신과 함께1,2017,"판타지, 드라마",2, 관람객 보는 내내 이게 뭐지 했고 지루 
758,신과 함께1,2017,"판타지, 드라마",3, 관람객 웹툰을보고 봐서 그런지 생각보다 실망이었고 뻔한 눈물짜내기였네요 
759,신과 함께1,2017,"판타지, 드라마",8, 관람객 생각보다 웹툰보단 별로에요ㅜ 
760,신과 함께1,2017,"판타지, 드라마",6, 관람객 사람들은 재밌다하는데 내기준에선 그저그런 영화. 
761,신과 함께1,2017,"판타지, 드라마",6, 관람객 조금 유치하네요..ㅠㅠ 아쉬운 영화.. 
762,신과 함께1,2017,"판타지, 드라마",6, 관람객 좀 억지스러운 포인트 들과 여러 씨쥐를 믹스해놓은 느낌... 
763,신과 함께1,2017,"판타지, 드라마",5, 관람객 만화랑 영화를 보는데 같은 시간이 걸린다면 만화를 볼 것 같습니다 
764,신과 함께1,2017,"판타지, 드라마",10," 관람객 원작 본 사람으로서 진기한 없이 스토리가 진행되는 시나리오에 깜짝 놀랐고, 그럼에도 신파가 아니라 감동을 주는것에 감사드려요.차태현, 하정우,주지훈과 모든 연기자분들 깔게없어요좋은 영화 감사합니다 "
765,신과 함께1,2017,"판타지, 드라마",3, 관람객 허접하기 이를데가 없는데 관람객수가엄청나네요 
766,신과 함께1,2017,"판타지, 드라마",5, 관람객 원작과 다르지만 괜찮았어요 
767,신과 함께1,2017,"판타지, 드라마",9," 관람객 주연,조연들의 연기가 좋았습니다..특히 김동욱과 디오라는 배우를 다시 보게 되었던 영화였습니다..재미로 봤는데 울음과 감동으로 마무리했네요~^^이 영화 추천해요~~ "
768,신과 함께1,2017,"판타지, 드라마",9, 관람객 방대한 원작 내용을 영화에 담아내는게 쉽지않았을텐데 생각했던것보다 융합을잘해놨음 CG 우리나라치론 양호하고 배우들 연기도 좋았다. 아쉬웠던건 중간스토리가 너무늘어져서 지루했던점 ㅜ 
769,신과 함께1,2017,"판타지, 드라마",8, 관람객 송직히 진ㅋ자 쫌 유치했음 군대나오는장면은 감독님이군필인지 아닌지 의심갈정도임 
770,신과 함께1,2017,"판타지, 드라마",7, 관람객 넘 기대했나봐요ㅠ김동욱연기는 쵝오! 
771,신과 함께1,2017,"판타지, 드라마",6, 관람객 다시 보고 싶지 않은 영화 
772,신과 함께1,2017,"판타지, 드라마",5, 관람객 나만재미없었던건가요 
773,신과 함께1,2017,"판타지, 드라마",8," 관람객 창의적인 발상,화면가득 새로운 기법,이영화보고선 죄 못짓겠당~^^ "
774,신과 함께1,2017,"판타지, 드라마",10, 관람객 부모님 모시고 재미있게 봤습니다. 수홍 연기 좋았습니다. 
775,신과 함께1,2017,"판타지, 드라마",9, 관람객 배우의 연기력과 CG로 화면의 화려함이 어우러진 영화다. 뻔한내용이지만 다양한볼거리와 감동이 적절이 가미된 전형적인 상업영화이지만 재미있다 
776,신과 함께1,2017,"판타지, 드라마",10, 관람객 진짜 너무 재밌고 착하게 살아야 한다는 걸 보여주는 영화 
777,신과 함께1,2017,"판타지, 드라마",3, 관람객 일단 씨지 퀄리티가 우리나라에서 처음 보는 퀄이었어요 배우들 연기도 좋았는데 김향기님 연기는 조금 어색했던 것 같아요 전반적으로 무난하게 볼 수 있는 가족영화이긴하나 강약조절이 있었으면 좋겠어요 좀 밋밋 
778,신과 함께1,2017,"판타지, 드라마",5, 관람객 웹툰도안봣는데 생각보다 재미없었음. 그놈의 7개지옥 언제끝나나 세고있을정도였음 
779,신과 함께1,2017,"판타지, 드라마",9, 관람객 역대급 cg였고 스토리도 좋았다 
780,신과 함께1,2017,"판타지, 드라마",8, 관람객 의외로 CG가 우수해서 놀람 
781,신과 함께1,2017,"판타지, 드라마",6, 관람객 뻔한 스토리..ㅠㅠ언제 끝나나 지루했어요.. 
782,신과 함께1,2017,"판타지, 드라마",9, 관람객 별다른 정보없이 봐서인지 생각보다 더 재미있게 봤습니다. 보고나서 웹툰 정주행했습니다.ㅎㅎ 
783,신과 함께1,2017,"판타지, 드라마",7, 관람객 생각왜로 별로 였던 기대많이 했었는데 ㅠ 
784,신과 함께1,2017,"판타지, 드라마",8, 관람객 그냥 그랬습니다 음 그냥 
785,신과 함께1,2017,"판타지, 드라마",8, 관람객 남자친구랑 크리스마스 이브에 보고왔어요 호불호 많이 갈리던데 저희는 재밋엇어용 
786,신과 함께1,2017,"판타지, 드라마",8, 관람객 웹툰을 영화화해서 별로 기대안했는데 생각보다 배경도 어색하지않고 배우들 연기도 너무 좋았어요 ! 무엇보다 너무 감동적이네여~!!! 추천드려요~~!! 가족이랑 보면 더 좋을것 같네요! 
787,신과 함께1,2017,"판타지, 드라마",6, 관람객 기대많이했는데...솔찍지루하고 억지눈물유도에...실망...ㅠㅠ시간때우기용! 
788,신과 함께1,2017,"판타지, 드라마",2, 관람객 좀 아쉽네요... 스토리.. 
789,신과 함께1,2017,"판타지, 드라마",10, 관람객 ㅠㅠ엄청울고나왔어요 
790,신과 함께1,2017,"판타지, 드라마",10, 관람객 소개팅 나가서 이영화보고 콧물이 미친듯이 나와서 차임.. 
791,신과 함께1,2017,"판타지, 드라마",10, 관람객 재미와 감동을 같이 느낄수 있는 영화 
792,신과 함께1,2017,"판타지, 드라마",9, 관람객 티가안나진않지만 씨지가 기대이상이었습니다 내용은 처음부터 끝까지 신파인데도 꽤 괜찮게 봤어요 연기구멍도없고 전체적으로 잘봤습니다 
793,신과 함께1,2017,"판타지, 드라마",10, 관람객 정말 재밌고 유치한줄 알았는데 인생의 교훈도 느낄수 있고 한국영화 정말 발전했네요 
794,신과 함께1,2017,"판타지, 드라마",10, 관람객 정말 재미있어요. 강력추천합니다 
795,신과 함께1,2017,"판타지, 드라마",10, 관람객 배우들의 연기와 내용 재밋었습니다 
796,신과 함께1,2017,"판타지, 드라마",10, 관람객 눈물이 홍수가되어..절대 휴지를...챙겨요...후회해요.. 
797,신과 함께1,2017,"판타지, 드라마",3, 관람객 소재가 신선했지만 평점이 좋아 너무 기대한 나머지 아쉬웠던 영화. 
798,신과 함께1,2017,"판타지, 드라마",6, 관람객 그냥 보통정도의 영화~중간쯤엔 지루하기도 하고 그닥 감동스럽지도 가슴에 남는 영상도 없고 그냥 ㅜㅜ 
799,신과 함께1,2017,"판타지, 드라마",5, 관람객 불교 사상에 눈물샘 자극 드라마 섞은 korea cg 
800,신과 함께1,2017,"판타지, 드라마",5, 관람객 누가 첨부터 끝까지 펑펑운다고 했나?미쳤나? 
801,신과 함께1,2017,"판타지, 드라마",8, 관람객 생각보다 재미있었고 배우들 연기도 좋았어요 ! 
802,신과 함께1,2017,"판타지, 드라마",9, 관람객 진짜 너무 재밌게 봤어요.. 정말 사후세계가 있다면 저런느낌이겠죠ㅠㅠ 
803,신과 함께1,2017,"판타지, 드라마",6," 관람객 50대 눈으로 보면 만화영화로 비침. 하긴 원작이 웹툰이니까 만화인 것이 당연. 지루하진 않았지만, 재미가 있지는 않음. 어머니, 희생, 형제애 등 고전적인 주제를 가미해서 최루 효과는 있음. 어쩔수 없이 봐야 한다... "
804,신과 함께1,2017,"판타지, 드라마",9, 관람객 재밌음. 끝에 감동도 있고~ 김동욱님이 제일 기억에 남네요~ 
805,신과 함께1,2017,"판타지, 드라마",10, 관람객 굿!!~~~~!!! 
806,신과 함께1,2017,"판타지, 드라마",10, 관람객 처음부터 끝까지 너무 재밌었음. 배우들 찾는 재미도 있어서 좋았다 
807,신과 함께1,2017,"판타지, 드라마",10, 관람객 눈물날뻔했어요..ㅜㅜ 
808,신과 함께1,2017,"판타지, 드라마",10, 관람객 슬프다 ㅋㅋ재밌다 2시간후딱지나가넹 
809,신과 함께1,2017,"판타지, 드라마",8," 관람객 괜찮습니다!!!! 천만 영화는 아니지만 계속 여운을 주고, 가족과 함께 이야기를 나누게 되네요. "
810,신과 함께1,2017,"판타지, 드라마",10, 관람객 가서 처음에는 재미있는데처음슬픈장면에선이정도쯤으러슬프다한건가실망 하지만!!!! 마지막 10분동안 폭풍 눈물...남자친구가...옷이 젖었다고(눈물에) ....감기걸리겠다고 할정도로 울었다 
811,신과 함께1,2017,"판타지, 드라마",8, 관람객 엄마아빠랑 같이 보고 왔습니다^^ 처음엔 살짝 지루하려고 하면 웃음으로 터뜨려주고 마지막인 감동까지 있어요 잘봤습니다^^ 
812,신과 함께1,2017,"판타지, 드라마",9, 관람객 웹툰과 다른점과 배우의 연기어색 아쉬움 빼면 눈물콧물 쏙 빼놓은 영화 
813,신과 함께1,2017,"판타지, 드라마",9, 관람객 재밌어요. 별 기대안하고 봤는데 연기도 비는 곳 없이 훌륭하고 무엇보다 씨지가 아주 훌륭합니다. 한국 영화에서 이런 특수효과를 볼 수 있음에 기쁩니다! 
814,신과 함께1,2017,"판타지, 드라마",10, 관람객 스토리도 재미있고 감동적입니다 
815,신과 함께1,2017,"판타지, 드라마",10, 관람객 지루한듯 재밌는듯 슬픔 
816,신과 함께1,2017,"판타지, 드라마",10," 관람객 원작팬이지만, 영화도 충분히 재미있었습니다. 2편과 함께 보면 더 좋았을텐데- 라는 생각이 들었어요. ㅎ "
817,신과 함께1,2017,"판타지, 드라마",10," 관람객 재미있어요...여친은 옆에서 겁나울었다능..., "
818,신과 함께1,2017,"판타지, 드라마",10, 관람객 정말 신선했어요. 한국에서 이런 영화가 종종 나왔으면 좋겠습니다여러방면으로 많은 생각과 교훈을 얻게 되었습니다흥미롭게 잘 봤어요 
819,신과 함께1,2017,"판타지, 드라마",10, 관람객 등장인물 많고 볼만함 좀 감동임 
820,신과 함께1,2017,"판타지, 드라마",6," 관람객 신과함께 원작의 팬으로써 아쉬움이 많이 남네요. 원작을 바꾸는건 좋은데 바꾸려면 잘 바꿨어야죠. 원작에는 진기한, 강림, 해원맥, 염라대왕, 유성연 등이 모두 매력적인 캐릭터인데, 영화에서는 그 매력을 다 망가뜨려... "
821,신과 함께1,2017,"판타지, 드라마",9, 관람객 원작을 어떻게 영화화 할수 있을지 궁금했는데 cg수준은 이제 외국영화 못지 않네요. 그리고 인간 본성에 대한 반성을 할수 있는 영화여서 자녀분들(고학년이상)과 함께 보아도 될 영화입니다~~! 
822,신과 함께1,2017,"판타지, 드라마",4, 관람객 첨엔그냥그랫는데 마지막슬픔 
823,신과 함께1,2017,"판타지, 드라마",10, 관람객 원작에서 각각 별개로 나눠진 이야기를 이렇게 자연스럽게 합쳐서 원작에 없던 내용도 일부 있어서 새롭지만 재밌었습니다. 
824,신과 함께1,2017,"판타지, 드라마",9, 관람객 유익하게 잘 봤습니다. 정말 재미있고 시사하는 바가 컸습니다.~~ 
825,신과 함께1,2017,"판타지, 드라마",9, 관람객 재미있어요 하정우 너무 멋있어요!! 
826,신과 함께1,2017,"판타지, 드라마",7," 관람객 재밋었어요.~,신선한 스토라! "
827,신과 함께1,2017,"판타지, 드라마",7, 관람객 CG 생각했던거보다 뛰어났구요 재밌었어요~굿 
828,신과 함께1,2017,"판타지, 드라마",8, 관람객 마지막대사가 가슴에 남았다 인간은 이생을 살면서 죄를 지으며 살아간다 용서를하고 진정을한 용서를 받는것이매우중요하다는걸 지금까지의 삶을 돌아보게 하는거같다눈물과 코믹이 같이 공존했던거같다 우리나라 cg도 많이발전했네... 
829,신과 함께1,2017,"판타지, 드라마",9, 관람객 신과함께 완젼 재밌어요강추합니다 
830,신과 함께1,2017,"판타지, 드라마",10, 관람객 너무 감동적이고 연기도 진짜 잘하세요 ㅠㅠ 
831,신과 함께1,2017,"판타지, 드라마",9, 관람객 최고b 최고b 최고최고b 
832,신과 함께1,2017,"판타지, 드라마",10, 관람객 자기의 삶을 되돌아보게 하고 누구나 잘못은 저지르지만 진심인 용서와 참회가 중요하다는걸 더욱더 느끼게 합니다.너무 감동적이고 잘봣습니다.추천합니다! 
833,신과 함께1,2017,"판타지, 드라마",10, 관람객 어머니한테 잘해드려야겠다는 소리가 절로 나옴... 
834,신과 함께1,2017,"판타지, 드라마",8, 관람객 재미있엇어요~~~!! 
835,신과 함께1,2017,"판타지, 드라마",9, 관람객 웃음 눈물 감동 반전!! 
836,신과 함께1,2017,"판타지, 드라마",9, 관람객 지옥같은 현실 생활 후 지옥 프리패스 다시 환생해서 지옥같은 생활 반복 ㅜㅜ 
837,신과 함께1,2017,"판타지, 드라마",10, 관람객 진짜 연기파배우들.. 짱이에요 
838,신과 함께1,2017,"판타지, 드라마",10, 관람객 원작이랑은 좀 다른면이 있지만 그래서 더 새롭고 잼있게 본것같아요! 
839,신과 함께1,2017,"판타지, 드라마",9, 관람객 덕춘이 싱크로 100프로! 
840,신과 함께1,2017,"판타지, 드라마",10, 관람객 짱잼짱잼짱잼잼짱짱잼 
841,신과 함께1,2017,"판타지, 드라마",10, 관람객 재밌어요 지루할틈없ㅇ니 
842,신과 함께1,2017,"판타지, 드라마",10, 관람객 진짜 최고에요 최고 꼭보세요 두번보세여 세번봐요 
843,신과 함께1,2017,"판타지, 드라마",4, 관람객 왜 1400만까지 넘어갔는진 잘 모르겠음 
844,신과 함께1,2017,"판타지, 드라마",4, 관람객 엉성해요...상영관이 많어서 천만영화 
845,신과 함께1,2017,"판타지, 드라마",6, 관람객 쏘쏘 천만넘은게 신기… 
846,신과 함께1,2017,"판타지, 드라마",9, 관람객 후회 없이 삽시다!!!! 
847,신과 함께1,2017,"판타지, 드라마",1," 관람객 스토리 끊겨서 몰입도 떨어짐, 슬프긴함. "
848,신과 함께1,2017,"판타지, 드라마",4, 관람객 기대를 안하고 봤는데도 그 기대 이하인 영화.. 흥행 이유를 모르겠다 나처럼 낚인 사람들 덕분인가 
849,신과 함께1,2017,"판타지, 드라마",6, 관람객 전혀 원작을 모르고 봄. 효과같은 건 재밌게 봤어요 분장이나 배경 보는 게 재밌었는데 스토리랄까 전개에 있어서 눈물 짜내려는 느낌이 엄청 짜증... 남는 건 김동욱 연기뿐ㅠㅠㅠ 
850,신과 함께1,2017,"판타지, 드라마",5, 관람객 기대하고 받는데 기대이상이 아니였으요...좀 지루 했어요 
851,신과 함께1,2017,"판타지, 드라마",3, 관람객 후....연기개판 개연성 개판..그냥 킬링타임 
852,신과 함께1,2017,"판타지, 드라마",4, 관람객 재미없어요 만화가 훨씬 나음 
853,신과 함께1,2017,"판타지, 드라마",4," 관람객 먼저 웹툰을 보고 재밌고 감동적이어서 기대하는 바카 컸고, 좋아하는 배우들이 대거 출연해서 설레는 마음으로 봤는데 복잡스럽고 지루했어요. 보는 내내 억지스럽다는 느낌을 받아서 실망하고 나왔어요. 배우들과 연기는 너무... "
854,신과 함께1,2017,"판타지, 드라마",2, 관람객 신파의 극치. 억지 눈물 
855,신과 함께1,2017,"판타지, 드라마",10, 관람객 너무 감동적이였어요 빨리 2편을 보고싶어요 ㅎㅎ 
856,신과 함께1,2017,"판타지, 드라마",4, 관람객 씨지가 많을 뿐 나에겐 별로였다 
857,신과 함께1,2017,"판타지, 드라마",6, 관람객 생각보단 별로 그냥흥미정도임 
858,신과 함께1,2017,"판타지, 드라마",5, 관람객 cg는 멋있지만 전체적으로 연출이 너무 과하다. 특히나 모래폭풍은 진짜.... 
859,신과 함께1,2017,"판타지, 드라마",7, 관람객 마지막 연병장씬에서 조금 황당함 갑자기 토네이도에 조금아쉬웠음 
860,신과 함께1,2017,"판타지, 드라마",5, 관람객 그냥저냥..추천은 안함 
861,신과 함께1,2017,"판타지, 드라마",6, 관람객 이건 진짜 개인적인 생각.. 딱 심심할때 천원주고 다운로드해서 볼만한.. 
862,신과 함께1,2017,"판타지, 드라마",2, 관람객 기대와는 달리 너무 재미 없었다.중간중간 흐름을 끊는 장면들이 많아 집중해서 볼 수가 없었고굳이 그렇게 과도한 액션씬을 넣어야만 했나 싶다. 
863,신과 함께1,2017,"판타지, 드라마",3, 관람객 뭔가를 말하려고 했으나 ... 
864,신과 함께1,2017,"판타지, 드라마",10, 관람객 인생영화!!! 억지스럽지않은 감동적인 이야기들이 너무인상깊습니다 
865,신과 함께1,2017,"판타지, 드라마",10, 관람객 웹툰과는 또다른 재미와 감동이 있네요 ㅠㅠ 
866,신과 함께1,2017,"판타지, 드라마",8, 관람객 울게 되는 구나허러허어어 
867,신과 함께1,2017,"판타지, 드라마",6, 관람객 억지 감동 스토리 느낌... 그래픽은 볼만했음 
868,신과 함께1,2017,"판타지, 드라마",10, 관람객 기대안하고 봤는데 재밋었어요CG기술이 많이 발전된거같아요 
869,신과 함께1,2017,"판타지, 드라마",10, 관람객 웹툰보다더 재미있게봤습니다.웹툰은웹툰대로영화는영화 그대로 즐긴다면 더 재미있는것같습니다 
870,신과 함께1,2017,"판타지, 드라마",8, 관람객 얕은 감성을 치고나가다가 깊게 박아버린다. 누구나 연민을 느끼는 그런 진부한 이야기지만 역시 그런게 사람 사는것 아니겠는가? 
871,신과 함께1,2017,"판타지, 드라마",10, 관람객 좋았습니다너무너무 
872,신과 함께1,2017,"판타지, 드라마",9, 관람객 별로기대도안하고 흥미없이 갔는데 엄청재밌게봤어요 눈물흘리면서웃고 또울고. 전혀 유치하지도 않고 보고너무감명받아어용ㅜ부모님께 더욱 잘해야겠구나생각했ㅇ니용 
873,신과 함께1,2017,"판타지, 드라마",10, 관람객 웹툰과 만화책으로 저승편을 5번넘게본 독자로써영화화도 잘한거같고 원작과 다른 색다른 감동을 준 영화. 
874,신과 함께1,2017,"판타지, 드라마",10, 관람객 재밌게봤어요 ㅎ 산뜻하네요ㅎ 
875,신과 함께1,2017,"판타지, 드라마",8," 관람객 리얼후기임 스케일 큼 만족, 울음 포인트 예측됨 특히 마지막, 그리고 1편보다 2편 기대됨 "
876,신과 함께1,2017,"판타지, 드라마",10, 관람객 약간에 감동과 유머가 있어 잼있게 봤어요 
877,신과 함께1,2017,"판타지, 드라마",8, 관람객 이정재는 역시 멋있다...엄마 사랑해... 
878,신과 함께1,2017,"판타지, 드라마",10," 관람객 원작의 틀만 가져오고 내용은 아주 다르지만, 새로운 작품을 본 듯 1도 지루함 없이 봤습니다. "
879,신과 함께1,2017,"판타지, 드라마",10, 관람객 재밌었다 이정재는 나이들어도 더 머찌네용ㅋ 
880,신과 함께1,2017,"판타지, 드라마",10, 관람객 좋았어요 십점줄만큼요 
881,신과 함께1,2017,"판타지, 드라마",10, 관람객 하. . . . 말이 필요없네요 그냥 꼭 한 번 보시길 강추합니다!! 
882,신과 함께1,2017,"판타지, 드라마",10, 관람객 역시 너무 재밋게잘봣습니다 
883,신과 함께1,2017,"판타지, 드라마",9, 관람객 정말 감동적이네요! 영화 잘 봤습니다. 
884,신과 함께1,2017,"판타지, 드라마",8, 관람객 볼만했습니다. 신파가 좀 있어요. 
885,신과 함께1,2017,"판타지, 드라마",7, 관람객 만화 내용 모르고 봤는데 그럭저럭 볼만했어요. 감동적인 부분도 있고 소방관들의 희생에 대해 생각해 볼 수 있어서 좋았는데 영화적인 부분에서는 좀 완성도가 떨어지는 느낌입니다. 
886,신과 함께1,2017,"판타지, 드라마",9, 관람객 CG 기대 안했었는데 의외로 고퀄이어서 놀람 볼거리도 많아서 재밌었고 2편도 기대되네요 
887,신과 함께1,2017,"판타지, 드라마",10, 관람객 웹툰도 보고싶네요 손수건 필요해요 cg대박 영화 감동입니다 
888,신과 함께1,2017,"판타지, 드라마",10, 관람객 넘넘 재밌고 감동까지!! 
889,신과 함께1,2017,"판타지, 드라마",8, 관람객 재미와 감동 과 슬픔이 공존하는 좋은영화 
890,신과 함께1,2017,"판타지, 드라마",10," 관람객 기대 많이 안했는데 너무 재밌었다.캐릭터 변경, 각색 전부 매끄럽고 몰입하기 좋았다.연출해내느라 고생 많이 한 느낌이 든다. "
891,신과 함께1,2017,"판타지, 드라마",8, 관람객 신파지만...재미있어요 한국cg기술도 좋구 배우들 케미도 좋아서 추천 
892,신과 함께1,2017,"판타지, 드라마",10, 관람객 잘만들었다 기대안했는데기대해도되겟네요 ㅎ 
893,신과 함께1,2017,"판타지, 드라마",10, 관람객 아 진짜 내용 참신하구용 요근래 본 영화중에 제일이엿어야ㅜㅠㅠ 감동재미 뿌뿜 하정우 개머싯정.. 동생도 너무 연기 잘하구 역시 믿고보는 차태현 하정우ㅠㅠㅠ 내돈주고 두번볼수 잇을꺼같은 영화에용 존잼!!!! 
894,신과 함께1,2017,"판타지, 드라마",10, 관람객 중간에 조금 ㅈ루핤 했지만 마지막은 솔까 10점 짜리영화 
895,신과 함께1,2017,"판타지, 드라마",10, 관람객 재밌옸어용 보시는겅 추천 드려용 
896,신과 함께1,2017,"판타지, 드라마",10, 관람객 믿고보는 차태현!! 하정우!! 
897,신과 함께1,2017,"판타지, 드라마",9, 관람객 울뻔햇스어요 ㅠㅠ 정말꿀쟘이네여 
898,신과 함께1,2017,"판타지, 드라마",9, 관람객 처음엔 좀 지루한듯햇엇는데 갈수록 빠져들어서 봤네요 
899,신과 함께1,2017,"판타지, 드라마",10, 관람객 생각보다 더 몰입도가 좋은 영화였어요 
900,신과 함께1,2017,"판타지, 드라마",10, 관람객 인생영화다. CG에 대한 걱정이 있었는데 10분쯤 지나자 그런 걱정이 싹 사라졌다. 연출에 자연스러움과 생동감이 느껴진다. 2D가 이렇게나 입체적인데 4D는 어떨지 너무나도 기대된다. 원작에 대한 각색도 너무나 훌륭... 
901,신과 함께1,2017,"판타지, 드라마",9, 관람객 추천해 드립니다!!!어른이 보시기에도 아이들이 보기에도 거부감 없이 화면에 몰입하실 수 있는 영화였습니다^^ 
902,신과 함께1,2017,"판타지, 드라마",9, 관람객 안울수 없는 천륜을 묻는 영화 감동 
903,신과 함께1,2017,"판타지, 드라마",6, 관람객 기대를 너뮤 많이 했나 .. 짜내는 눈물 ㅠㅠ 
904,신과 함께1,2017,"판타지, 드라마",2, 관람객 별 하나 주기도 아깝지만... 그래픽 작업 한다고 노가다 한 CG팀 봐서 두개 줍니다. 원작 기대하고 가시면 혼절 하십니다. 생전 처음으로 빨리 극장 나가고 싶었던 영화가 되었네요. 돈과 시간 골고루 낭비했습니다..... 
905,신과 함께1,2017,"판타지, 드라마",1, 관람객 하... 괜히 보러간건가.. 아빠는 자고 엄마는 재미없다하고.. 그닥 재미있지않아요 언제끝나지라는 생각 많이햇음.. 
906,신과 함께1,2017,"판타지, 드라마",1, 관람객 눈 둘곳 없는 CG안타까운 연기힘 없는 스토리 
907,신과 함께1,2017,"판타지, 드라마",4, 관람객 CG는 재밌었어요. 마지막 억지 눈물짜는건 좀 별로네요 
908,신과 함께1,2017,"판타지, 드라마",10, 관람객 정말 재미있었어요~ 추천합니다! 
909,신과 함께1,2017,"판타지, 드라마",2," 관람객 극단적 신파, 하정우 때문에 2점줌 "
910,신과 함께1,2017,"판타지, 드라마",5, 관람객 그냥 그렇던데요.. 2편은 돈주고 보기 싫어요 
911,신과 함께1,2017,"판타지, 드라마",10, 관람객 모두 연기잘하고 재밌었어요 
912,신과 함께1,2017,"판타지, 드라마",10, 관람객 시험을 끝낸 딸아이 보라고 예매했었던 신과 함께..였습니다.중2였던 아이가 좀 더 열심히 인생을 잘 살아가고 싶다는 생각이 들었다네요..저도 조만간 꼭 봐야겠습니다... 
913,신과 함께1,2017,"판타지, 드라마",5, 관람객 CG정말 좋아졌다고 생각한 영화. 억지로 끌어내는 웃음은 내용의 흐름을 많이 깸. 
914,신과 함께1,2017,"판타지, 드라마",10, 관람객 겁나재밌어요 진짜로진짜로 
915,신과 함께1,2017,"판타지, 드라마",9, 관람객 재밌어요!! 마지막에 눈물 콧물 다쏟앗네오...!! 
916,신과 함께1,2017,"판타지, 드라마",10, 관람객 웹툰으로도 봤지만 또다른 해석도재밌었고 영화관에서 울어본영화는처음이다 
917,신과 함께1,2017,"판타지, 드라마",9, 관람객 역시 하정우 주지훈 케미 장난 아님.한국 판타지 최고봉 
918,신과 함께1,2017,"판타지, 드라마",10, 관람객 내용도 좋았습니다 꼭 자녀에게 보여주세요. 
919,신과 함께1,2017,"판타지, 드라마",10, 관람객 웹툰 다 봤었고 영화 많이 기대안했는데 평들이 꽤괜찮아서 봤어요! 근데 진짜 재밌었고 마지막에 완전 울면서봤다는 다 좋앗지만 김향기랑 김동욱 연기 너무 좋았음 ㅠ 
920,신과 함께1,2017,"판타지, 드라마",8," 관람객 울지 않으려고 애써도 울고 있는, 한국식 판타지 가족영화. "
921,신과 함께1,2017,"판타지, 드라마",10, 관람객 웹툰을 영화로 만들기는 힘들고 재현하기에는 더더욱 힘들텐데 이번 영화는 이 어려운 것들을 잘해낸 것 같다. 영화속 배우들의 연기실력은 말할 필요없이 완벽했다. 
922,신과 함께1,2017,"판타지, 드라마",8, 관람객 내용이 넘 슬프네요.. 눈물 참느라 넘 힘들었어요..ㅠㅠ끝내 참지못하고 그만 눈물이 주르륵~~잘봤습니다.. 
923,신과 함께1,2017,"판타지, 드라마",10, 관람객 눈물 콧물 쏙 뺌ㅠㅠ 웹툰 안 봤지만 영화만 봐도 이해 되고 재밌었어요 
924,신과 함께1,2017,"판타지, 드라마",9, 관람객 지루하지 않고 정말 잼있다 
925,신과 함께1,2017,"판타지, 드라마",10, 관람객 재밋어요 아주 장난아니게 봣습니다 
926,신과 함께1,2017,"판타지, 드라마",10, 관람객 진짜 재밋네요!!!! 너무 슬프고 재밋고 여러가지로 깨달은 점이 많은! 간만에 진짜 재밋는 영화봐서 기분이 좋습니당~^^ 
927,신과 함께1,2017,"판타지, 드라마",8, 관람객 반반이였어요 지루함도 있었고... 막판에 엉엉 울다 갔네요 카페오들 진짜 많이 출연해서 눈도 호강했네여 마지막 쿠키영상 못보고 온게 정말 아쉬워요 
928,신과 함께1,2017,"판타지, 드라마",8, 관람객 너무 무겁지도 가볍지도 않는 영화 였습니다 
929,신과 함께1,2017,"판타지, 드라마",10, 관람객 울었음 ㄴㅜㅜ슬프고요 
930,신과 함께1,2017,"판타지, 드라마",10, 관람객 감동과 현실에서 많은 죄를 짓고 사는 모든 인간들에게 착하게살아야하는 교훈을 주는 영화라고 생각합니다. 
931,신과 함께1,2017,"판타지, 드라마",10, 관람객 재미있었습니다 ㅎㅎㅎㅎ 이정재 존잘보스 
932,신과 함께1,2017,"판타지, 드라마",10, 관람객 김동욱님 역시 기대한만큼 좋은 연기입니다! CG도 생각보다 정말 잘 나왔어요. 참고로 전 김하늘님이 기억에 남네요. 잠깐이라도 만나고 싶은 저승시왕이었어요ㅎ 
933,신과 함께1,2017,"판타지, 드라마",8, 관람객 기대만큼은 아니였지만 재미는 있었습니다. 영화보면서 처음으로 울었네요.. 
934,신과 함께1,2017,"판타지, 드라마",10, 관람객 재밌게봤습니다 하정우! 
935,신과 함께1,2017,"판타지, 드라마",1, 관람객 ....신과함께신과함께 거리길래.봤는데 진짜..넘유치뽕짝 
936,신과 함께1,2017,"판타지, 드라마",1, 관람객 황당한 내용의 계몽영화 오졌다리~ 
937,신과 함께1,2017,"판타지, 드라마",2, 관람객 억지스러운 전형적인 한국 영화 신파가 괴로웠다 
938,신과 함께1,2017,"판타지, 드라마",10, 관람객 첨엔유치할꺼라생각했는데 전혀아니에요.지루하지않았고 영화보는내내집중해서잘봣어요..슬프고재밌고...배우들연기가다최고였어요!또보라면볼수있을꺼같아요ㅎㅎ 
939,신과 함께1,2017,"판타지, 드라마",10, 관람객 진짜 진짜 너무 재미있게봤네요 솔직히 웹툰처럼 진기한 변호사가 안나온다는 점이 별로라고 생각했는데 3차사들이 재미있게 표현되서 정말 재미있게 봤네요 
940,신과 함께1,2017,"판타지, 드라마",8, 관람객 웹툰과는 아예 다르지만 그래도 잼있습니다. 
941,신과 함께1,2017,"판타지, 드라마",10, 관람객 예약햇는데아직못봣다아아아엉어아어앙엉 
942,신과 함께1,2017,"판타지, 드라마",10, 관람객 판타지영화는 판타지영화로써. 
943,신과 함께1,2017,"판타지, 드라마",9," 관람객 다수의 지옥을 거쳐야 하다보니 개연성없는 초반 줄거리와 헛소리를 겪어야 하는 건 어쩔 수 없지만, 그 뒤엔 눈물과 반전이 숨어있다 "
944,신과 함께1,2017,"판타지, 드라마",9, 관람객 조금 어색한 부분도 있지만 최고의 연말영화 
945,신과 함께1,2017,"판타지, 드라마",10, 관람객 만화원작과 다르기는 하지만 진짜로 잼나네꼭 보시길 
946,신과 함께1,2017,"판타지, 드라마",10, 관람객 아주 좋았다 cg가 인상깊네 
947,신과 함께1,2017,"판타지, 드라마",8, 관람객 우려와 달리 잘 만들어진 것 같습니다. 근데 중반에 다소 지루한 감이 없지않아 있습니다. 
948,신과 함께1,2017,"판타지, 드라마",9, 관람객 스토리 자체는 원작에서 조금 다르게 전개가 되는데 다른게 맞다는 생각이 듬. 그래픽이 조금 이질감느끼는거 외에는 관람내내 집중하게 만들어서 재미있었음 ㅋㅋ 
949,신과 함께1,2017,"판타지, 드라마",10, 관람객 죄를 지으면 벌을 받는다. 
950,신과 함께1,2017,"판타지, 드라마",10, 관람객 원작과 많이 다르지만 재미도있고 감동도있고 지루하지않게 잘봤어요 
951,신과 함께1,2017,"판타지, 드라마",10, 관람객 대한민국 영화가 나날이 발전하고있는것 같은 느낌 내용도 cg도 배우들의 연기력도 10점 만점에 100점이라도 주고싶었던 영화 해외로 수출해도 대박날 영화 
952,신과 함께1,2017,"판타지, 드라마",9, 관람객 책과는 다른느낌이긴하지만연기자들의 연기와 재미에 감동이었어요 
953,신과 함께1,2017,"판타지, 드라마",9, 관람객 너무 재미있고 원작과 다르지만 개연성이 끊어지진 않았어요 배우들도 하나하나 개성이 있고 재미있었어요 
954,신과 함께1,2017,"판타지, 드라마",1, 관람객 노잼이던데돈아까움개후헤 
955,신과 함께1,2017,"판타지, 드라마",1, 관람객 내생에 최악의 영화로 인정할란다.말도 안되는 아무리 웹툰원작이라지만 감동도없고 시작과 끝도 없는 영화다 
956,신과 함께1,2017,"판타지, 드라마",1, 관람객 진짜 재미없다 억지감동 
957,신과 함께1,2017,"판타지, 드라마",1, 관람객 솔직히 별로 감흥없었음.. 
958,신과 함께1,2017,"판타지, 드라마",3, 관람객 처음15분간 흥미 그러나 곧 지루 지루 지루 눈물흐르다말고 끝남 
959,신과 함께1,2017,"판타지, 드라마",10, 관람객 누구하나 연기구멍 없어 몰입도가 너무 좋았습니다어깨를 들썩이며 울었어요한번더보고싶은 영화네요 
960,신과 함께1,2017,"판타지, 드라마",9, 관람객 웹툰 재밌게 봐서 영화는 어떨까했는데 역시나 재미있네요. 잘봤어요 
961,신과 함께1,2017,"판타지, 드라마",10, 관람객 재밌게봤어요 막판에 펑펑울었어요. 이게이렇게슬펐나싶을정도로 그리고 나오는배우들도 최고여서 몰입도가좋았어요 또보고싶을정도익니다 최고 
962,신과 함께1,2017,"판타지, 드라마",9, 관람객 재미있게 잘 봤어요. 굿굿 
963,신과 함께1,2017,"판타지, 드라마",10, 관람객 잔잔한 감동한 사람사는이야기가있넹르펑펑울었어요 연기자들 연기두 대박! 
964,신과 함께1,2017,"판타지, 드라마",10, 관람객 영화로 처음 보는데 엄청 울었습니다 ㅠㅜ 감동이에요 
965,신과 함께1,2017,"판타지, 드라마",9, 관람객 초음에는 재미없었는데 나올때는 울면서 나왔습니다 ㅠㅜ 
966,신과 함께1,2017,"판타지, 드라마",10, 관람객 생각없이 들어갔다가 눈물콧물 다 짰네요...최고입니다.. 
967,신과 함께1,2017,"판타지, 드라마",10," 관람객 연기, 스토리 모두 좋아서 몹시 이입해서 본 영화입니다. ㅠㅠ 너무 슬픈건 어쩔수 없네요, 후반부에 '아. 이렇게까지?' 싶은부분도 있지만 너무 좋았습니다~!! 배우분들 연기가 대박... ! "
968,신과 함께1,2017,"판타지, 드라마",8, 관람객 큰 기대안하고보시면 볼만해요 
969,신과 함께1,2017,"판타지, 드라마",10," 관람객 원작을 꽤 갈아엎고 지옥이 원작에 비해 간략해진데다 각 지옥을 관장하는 대왕과 그 지옥도 많이 달라지고, 주인공과 차사들도 많이 달라졌지만 색다른 감동을 주는 작품. 특히 병사이야기는 감동 그자체.. 결론은 해원맥만... "
970,신과 함께1,2017,"판타지, 드라마",3, 관람객 원작을 영화에 담기에 너무 짧고 파이널 판타지급 cg 
971,신과 함께1,2017,"판타지, 드라마",9, 관람객 방금 보고왔습니다. 원작을 못봐서 그런지 기대감음 없었는데 몰입도도 좋았고 cg도 공을 많이 들임것 같습니다. 마지막 감동적인부분도 뻔한 결론인줄 알면서도 울게 될 수 있어서 좋았어요. 마지막으로 하정우배우님 ... 
972,신과 함께1,2017,"판타지, 드라마",8, 관람객 볼거리는 화려했으나 개연성은 좀떨어지는 느낌 
973,신과 함께1,2017,"판타지, 드라마",10, 관람객 정말 웹툽과 다르다는 말에 실망하면 어쩌나했는데 진짜 좋은영화 
974,신과 함께1,2017,"판타지, 드라마",8, 관람객 처음에 차태현 연기 어색 
975,신과 함께1,2017,"판타지, 드라마",1, 관람객 이런걸 십노잼이라 하지요.. 
976,신과 함께1,2017,"판타지, 드라마",5, 관람객 원작을 다시 보고싶어짐... 
977,신과 함께1,2017,"판타지, 드라마",1, 관람객 재미없습니다진짜로보세요 
978,신과 함께1,2017,"판타지, 드라마",10, 관람객 영화 두번 봐도 괜찮을정도로 재밌기도하고 때론 슬펐습니다 
979,신과 함께1,2017,"판타지, 드라마",10, 관람객 신과함께 웹툰 원작 사랑하는 팬으로 혹시나 넘 실망하면 어쩌지하는 우려는 넣어둬~넣어둬~2시간 넘게 울다웃다 넘 대박 영화입니다!! 굿굿~~~!!! 
980,신과 함께1,2017,"판타지, 드라마",9," 관람객 재밌어요 ,다시 한번 보고 싶어요 "
981,신과 함께1,2017,"판타지, 드라마",2, 관람객 원작을 기대하고 봐서인가?이질감 있음질질끄는듯한 스토리그와중 어머니 연기 너무좋아서 별 하나드림 
982,신과 함께1,2017,"판타지, 드라마",6, 관람객 한마디로 블록버스터 신파극이다. 보는 맛도 있었지만 스토리는 기둥 잘 세워놓고 볏짚으로 지붕 덮은 듯한 내용이다. 재판의 긴장감은 없고 모두가 예상한 뻔한 결말. 알면서도 눈물 짜는 장면이 있어서 스토리가 완전 꽝은... 
983,신과 함께1,2017,"판타지, 드라마",3, 관람객 재미없어요 진짜루 ㅎㅎ 
984,신과 함께1,2017,"판타지, 드라마",5, 관람객 죄와 벌에 대해 뭐가 뭔지 모르겠다. 
985,신과 함께1,2017,"판타지, 드라마",8, 관람객 변호사가 있었으면 더 좋았을텐데 
986,신과 함께1,2017,"판타지, 드라마",5, 관람객 너무 감동에만 치중했던 것 같은 그런 느낌 
987,신과 함께1,2017,"판타지, 드라마",6, 관람객 울어라울어!!울으라고!!이짜식아!! 
988,신과 함께1,2017,"판타지, 드라마",10, 관람객 아들이그리웠을어머니를생각하니가슴이메이네.... 
989,신과 함께1,2017,"판타지, 드라마",6, 관람객 개인적으로 별로...유치 
990,신과 함께1,2017,"판타지, 드라마",7, 관람객 감동적이긴한데 좀 억지 감동이 있었음 
991,신과 함께1,2017,"판타지, 드라마",4, 관람객 CG넣은거나 지옥 나뉘는 거나 이런 거는 다 좋았는데 주인공이 동생 패는 거 그거 용서된 거 아직도 좀 노이해고 굳이 패는 장면을 자세하게 잘 보이게 보여주는 이유도 잘 모르겠네요..폭력이 좋은 장면이라고 생각은 안... 
992,신과 함께1,2017,"판타지, 드라마",6, 관람객 저는보다가 잤어요.. 
993,신과 함께1,2017,"판타지, 드라마",10, 관람객 아주아주아주 꿀잼입니다 
994,신과 함께1,2017,"판타지, 드라마",6, 관람객 솔직히 그냥 그럽니다.. 웹툰의 절반정도 재미네요 
995,신과 함께1,2017,"판타지, 드라마",6, 관람객 주변에서 많이 극찬해서 볼까 말까 저울질 아닌 저울질을 좀 하다가 봤는데 밀린 숙제 한 느낌이었어요. 
996,신과 함께1,2017,"판타지, 드라마",10, 관람객 너무 넘 좋앗어요< 잼잇어오 
997,신과 함께1,2017,"판타지, 드라마",4, 관람객 원작을본자로서아쉽다... 
998,신과 함께1,2017,"판타지, 드라마",4, 관람객 너무개연성없고 슬픔을쥐어짜는느낌이었어요 ㅠ 좀아쉬웠습니다 
999,신과 함께1,2017,"판타지, 드라마",4," 관람객 지루해 죽는줄 알았음. 중간 중간 컴퓨터 그래픽 때문에 견디었음...뻔한 대사, 뻔한 결말, 억지스러운 신파..조연들의 오버스러운 연기...하정우와 컴 그래픽 때문에 4점준다 ㅡ,.ㅡ "
